adapter_source,policy,boxes,edit,checkpoint_count,restored,replayed,wasm_bytes,rss_bytes,sync_ms,measured_buffer_bytes
06941214,fixed-prefix,33,100,32,32,1,10420224,242356224,2.2070240000000467,7920
06941214,fixed-prefix,33,500,32,32,1,17629184,286658560,1.6838239999999587,7920
06941214,fixed-prefix,33,1000,32,32,1,33619968,388108288,2.511097999999947,7920
06941214,fixed-prefix,33,1500,32,32,1,44433408,427692032,3.0469210000001112,7920
06941214,fixed-prefix,33,2000,32,32,1,59637760,455217152,3.527720000000045,7920
06941214,fixed-prefix,100,100,32,32,68,140705792,487309312,65.8682260000005,24000
06941214,fixed-prefix,100,500,32,32,68,721879040,1047248896,112.7272110000049,24000
06941214,fixed-prefix,100,800,32,32,68,1079246848,1337704448,141.40526300000784,24000
intermediate-uncommitted,sparse-no-recycle,33,100,22,32,1,7667712,187449344,1.458817999999951,7920
intermediate-uncommitted,sparse-no-recycle,33,500,22,32,1,15269888,244072448,1.5391700000000128,7920
intermediate-uncommitted,sparse-no-recycle,33,1000,22,32,1,27918336,337133568,2.4038359999999557,7920
intermediate-uncommitted,sparse-no-recycle,33,1500,22,32,1,39321600,375930880,2.796407000000727,7920
intermediate-uncommitted,sparse-no-recycle,33,2000,22,32,1,46465024,405553152,3.5650240000004487,7920
intermediate-uncommitted,sparse-no-recycle,100,100,26,80,20,46465024,407830528,15.583562000000711,24000
intermediate-uncommitted,sparse-no-recycle,100,500,26,80,20,221380608,569339904,28.337342999999237,24000
intermediate-uncommitted,sparse-no-recycle,100,1000,26,80,20,401145856,691236864,45.07121299999562,24000
intermediate-uncommitted,sparse-no-recycle,100,1500,26,80,20,725352448,960196608,65.46816400000534,24000
intermediate-uncommitted,sparse-no-recycle,100,2000,26,80,20,875429888,1099919360,85.6530849999981,24000
ae75a23,sparse-recycled,32,100,22,28,4,17629184,275922944,3.8627100000001064,7680
ae75a23,sparse-recycled,32,500,22,28,4,19595264,404635648,4.030486999999994,7680
ae75a23,sparse-recycled,32,1000,22,28,4,19595264,406208512,3.4278779999995095,7680
ae75a23,sparse-recycled,32,1500,22,28,4,19595264,480657408,3.4999040000002424,7680
ae75a23,sparse-recycled,32,2000,22,28,4,19595264,506609664,3.260350999998991,7680
ae75a23,sparse-recycled,33,100,22,32,1,7667712,211386368,1.4552809999999,7920
ae75a23,sparse-recycled,33,500,22,32,1,15269888,267485184,1.6068070000001171,7920
ae75a23,sparse-recycled,33,1000,22,32,1,17629184,353730560,1.616884999999911,7920
ae75a23,sparse-recycled,33,1500,22,32,1,17629184,387284992,1.5403909999999996,7920
ae75a23,sparse-recycled,33,2000,22,32,1,17629184,418217984,1.5060260000000198,7920
ae75a23,sparse-recycled,100,100,26,80,20,19857408,393015296,13.63385500000004,24000
ae75a23,sparse-recycled,100,500,26,80,20,19857408,522416128,12.72472899999957,24000
ae75a23,sparse-recycled,100,1000,26,80,20,22413312,527134720,14.075351999999839,24000
ae75a23,sparse-recycled,100,1500,26,80,20,22413312,527134720,20.662562000001344,24000
ae75a23,sparse-recycled,100,2000,26,80,20,22413312,527659008,12.959082000001217,24000
