source_sha,adapter_source_sha256,wasm_sha256,session,family,history_features,phase,samples,median_ms,p95_ms,parity
06941214bb4907bcdbb848c9d5de0267f0765bbc,99a2ffc3439985ad557a3fb5fac081ecd84c0cab37b8c14b358b47ea4d75ccaa,c5d8ccb26bff7cdc2ccff5c09fc0bd8ed3ccad07af1aa6cfd4d5da5926ddcdda,main-06941214,extrude,30,operation-warm,5,5.577185999999983,9.23678000000018,"warm derived state equals fresh adapter with history checkpoints disabled"
06941214bb4907bcdbb848c9d5de0267f0765bbc,99a2ffc3439985ad557a3fb5fac081ecd84c0cab37b8c14b358b47ea4d75ccaa,c5d8ccb26bff7cdc2ccff5c09fc0bd8ed3ccad07af1aa6cfd4d5da5926ddcdda,main-06941214,extrude,30,early-warm,5,48.89666699999998,58.69491800000014,"warm derived state equals fresh adapter with history checkpoints disabled"
06941214bb4907bcdbb848c9d5de0267f0765bbc,99a2ffc3439985ad557a3fb5fac081ecd84c0cab37b8c14b358b47ea4d75ccaa,c5d8ccb26bff7cdc2ccff5c09fc0bd8ed3ccad07af1aa6cfd4d5da5926ddcdda,main-06941214,extrude,30,late-warm,5,4.993734000000131,7.532650999999987,"warm derived state equals fresh adapter with history checkpoints disabled"
06941214bb4907bcdbb848c9d5de0267f0765bbc,99a2ffc3439985ad557a3fb5fac081ecd84c0cab37b8c14b358b47ea4d75ccaa,c5d8ccb26bff7cdc2ccff5c09fc0bd8ed3ccad07af1aa6cfd4d5da5926ddcdda,main-06941214,extrude,33,operation-warm,5,3.03349100000014,3.2104659999999967,"warm derived state equals fresh adapter with history checkpoints disabled"
06941214bb4907bcdbb848c9d5de0267f0765bbc,99a2ffc3439985ad557a3fb5fac081ecd84c0cab37b8c14b358b47ea4d75ccaa,c5d8ccb26bff7cdc2ccff5c09fc0bd8ed3ccad07af1aa6cfd4d5da5926ddcdda,main-06941214,extrude,33,early-warm,5,40.97073300000011,58.54379299999982,"warm derived state equals fresh adapter with history checkpoints disabled"
06941214bb4907bcdbb848c9d5de0267f0765bbc,99a2ffc3439985ad557a3fb5fac081ecd84c0cab37b8c14b358b47ea4d75ccaa,c5d8ccb26bff7cdc2ccff5c09fc0bd8ed3ccad07af1aa6cfd4d5da5926ddcdda,main-06941214,extrude,33,late-warm,5,2.843772000000172,4.12149700000009,"warm derived state equals fresh adapter with history checkpoints disabled"
06941214bb4907bcdbb848c9d5de0267f0765bbc,99a2ffc3439985ad557a3fb5fac081ecd84c0cab37b8c14b358b47ea4d75ccaa,c5d8ccb26bff7cdc2ccff5c09fc0bd8ed3ccad07af1aa6cfd4d5da5926ddcdda,main-06941214,extrude,100,operation-warm,5,70.29057400000056,72.31276500000058,"warm derived state equals fresh adapter with history checkpoints disabled"
06941214bb4907bcdbb848c9d5de0267f0765bbc,99a2ffc3439985ad557a3fb5fac081ecd84c0cab37b8c14b358b47ea4d75ccaa,c5d8ccb26bff7cdc2ccff5c09fc0bd8ed3ccad07af1aa6cfd4d5da5926ddcdda,main-06941214,extrude,100,early-warm,5,72.33853399999953,120.36471600000004,"warm derived state equals fresh adapter with history checkpoints disabled"
06941214bb4907bcdbb848c9d5de0267f0765bbc,99a2ffc3439985ad557a3fb5fac081ecd84c0cab37b8c14b358b47ea4d75ccaa,c5d8ccb26bff7cdc2ccff5c09fc0bd8ed3ccad07af1aa6cfd4d5da5926ddcdda,main-06941214,extrude,100,late-warm,5,58.21768699999939,71.19209800000044,"warm derived state equals fresh adapter with history checkpoints disabled"
06941214bb4907bcdbb848c9d5de0267f0765bbc,99a2ffc3439985ad557a3fb5fac081ecd84c0cab37b8c14b358b47ea4d75ccaa,c5d8ccb26bff7cdc2ccff5c09fc0bd8ed3ccad07af1aa6cfd4d5da5926ddcdda,main-06941214,boolean,30,operation-warm,5,7.7287820000001375,19.048156999999264,"warm derived state equals fresh adapter with history checkpoints disabled"
06941214bb4907bcdbb848c9d5de0267f0765bbc,99a2ffc3439985ad557a3fb5fac081ecd84c0cab37b8c14b358b47ea4d75ccaa,c5d8ccb26bff7cdc2ccff5c09fc0bd8ed3ccad07af1aa6cfd4d5da5926ddcdda,main-06941214,boolean,30,early-warm,5,27.721482000000833,44.21004300000095,"warm derived state equals fresh adapter with history checkpoints disabled"
06941214bb4907bcdbb848c9d5de0267f0765bbc,99a2ffc3439985ad557a3fb5fac081ecd84c0cab37b8c14b358b47ea4d75ccaa,c5d8ccb26bff7cdc2ccff5c09fc0bd8ed3ccad07af1aa6cfd4d5da5926ddcdda,main-06941214,boolean,30,late-warm,5,7.71474500000113,11.667041999999128,"warm derived state equals fresh adapter with history checkpoints disabled"
06941214bb4907bcdbb848c9d5de0267f0765bbc,99a2ffc3439985ad557a3fb5fac081ecd84c0cab37b8c14b358b47ea4d75ccaa,c5d8ccb26bff7cdc2ccff5c09fc0bd8ed3ccad07af1aa6cfd4d5da5926ddcdda,main-06941214,boolean,33,operation-warm,5,6.982952000000296,12.30447599999934,"warm derived state equals fresh adapter with history checkpoints disabled"
06941214bb4907bcdbb848c9d5de0267f0765bbc,99a2ffc3439985ad557a3fb5fac081ecd84c0cab37b8c14b358b47ea4d75ccaa,c5d8ccb26bff7cdc2ccff5c09fc0bd8ed3ccad07af1aa6cfd4d5da5926ddcdda,main-06941214,boolean,33,early-warm,5,40.98381799999879,51.116359999999986,"warm derived state equals fresh adapter with history checkpoints disabled"
06941214bb4907bcdbb848c9d5de0267f0765bbc,99a2ffc3439985ad557a3fb5fac081ecd84c0cab37b8c14b358b47ea4d75ccaa,c5d8ccb26bff7cdc2ccff5c09fc0bd8ed3ccad07af1aa6cfd4d5da5926ddcdda,main-06941214,boolean,33,late-warm,5,7.126143000001321,11.764957000001232,"warm derived state equals fresh adapter with history checkpoints disabled"
06941214bb4907bcdbb848c9d5de0267f0765bbc,99a2ffc3439985ad557a3fb5fac081ecd84c0cab37b8c14b358b47ea4d75ccaa,c5d8ccb26bff7cdc2ccff5c09fc0bd8ed3ccad07af1aa6cfd4d5da5926ddcdda,main-06941214,boolean,100,operation-warm,5,65.63580100000036,76.41016600000148,"warm derived state equals fresh adapter with history checkpoints disabled"
06941214bb4907bcdbb848c9d5de0267f0765bbc,99a2ffc3439985ad557a3fb5fac081ecd84c0cab37b8c14b358b47ea4d75ccaa,c5d8ccb26bff7cdc2ccff5c09fc0bd8ed3ccad07af1aa6cfd4d5da5926ddcdda,main-06941214,boolean,100,early-warm,5,75.23179999999957,78.84925400000066,"warm derived state equals fresh adapter with history checkpoints disabled"
06941214bb4907bcdbb848c9d5de0267f0765bbc,99a2ffc3439985ad557a3fb5fac081ecd84c0cab37b8c14b358b47ea4d75ccaa,c5d8ccb26bff7cdc2ccff5c09fc0bd8ed3ccad07af1aa6cfd4d5da5926ddcdda,main-06941214,boolean,100,late-warm,5,51.81510999999955,53.413479999999254,"warm derived state equals fresh adapter with history checkpoints disabled"
06941214bb4907bcdbb848c9d5de0267f0765bbc,99a2ffc3439985ad557a3fb5fac081ecd84c0cab37b8c14b358b47ea4d75ccaa,c5d8ccb26bff7cdc2ccff5c09fc0bd8ed3ccad07af1aa6cfd4d5da5926ddcdda,main-06941214,fillet,30,operation-warm,5,36.57219299999997,52.376390000001265,"warm derived state equals fresh adapter with history checkpoints disabled"
06941214bb4907bcdbb848c9d5de0267f0765bbc,99a2ffc3439985ad557a3fb5fac081ecd84c0cab37b8c14b358b47ea4d75ccaa,c5d8ccb26bff7cdc2ccff5c09fc0bd8ed3ccad07af1aa6cfd4d5da5926ddcdda,main-06941214,fillet,30,early-warm,5,56.54401499999949,58.40031100000124,"warm derived state equals fresh adapter with history checkpoints disabled"
06941214bb4907bcdbb848c9d5de0267f0765bbc,99a2ffc3439985ad557a3fb5fac081ecd84c0cab37b8c14b358b47ea4d75ccaa,c5d8ccb26bff7cdc2ccff5c09fc0bd8ed3ccad07af1aa6cfd4d5da5926ddcdda,main-06941214,fillet,30,late-warm,5,37.34662599999865,54.01629899999898,"warm derived state equals fresh adapter with history checkpoints disabled"
06941214bb4907bcdbb848c9d5de0267f0765bbc,99a2ffc3439985ad557a3fb5fac081ecd84c0cab37b8c14b358b47ea4d75ccaa,c5d8ccb26bff7cdc2ccff5c09fc0bd8ed3ccad07af1aa6cfd4d5da5926ddcdda,main-06941214,fillet,33,operation-warm,5,34.860899999999674,40.97971999999936,"warm derived state equals fresh adapter with history checkpoints disabled"
06941214bb4907bcdbb848c9d5de0267f0765bbc,99a2ffc3439985ad557a3fb5fac081ecd84c0cab37b8c14b358b47ea4d75ccaa,c5d8ccb26bff7cdc2ccff5c09fc0bd8ed3ccad07af1aa6cfd4d5da5926ddcdda,main-06941214,fillet,33,early-warm,5,58.362990999998146,67.70494999999937,"warm derived state equals fresh adapter with history checkpoints disabled"
06941214bb4907bcdbb848c9d5de0267f0765bbc,99a2ffc3439985ad557a3fb5fac081ecd84c0cab37b8c14b358b47ea4d75ccaa,c5d8ccb26bff7cdc2ccff5c09fc0bd8ed3ccad07af1aa6cfd4d5da5926ddcdda,main-06941214,fillet,33,late-warm,5,34.06256099999882,37.46393799999714,"warm derived state equals fresh adapter with history checkpoints disabled"
06941214bb4907bcdbb848c9d5de0267f0765bbc,99a2ffc3439985ad557a3fb5fac081ecd84c0cab37b8c14b358b47ea4d75ccaa,c5d8ccb26bff7cdc2ccff5c09fc0bd8ed3ccad07af1aa6cfd4d5da5926ddcdda,main-06941214,fillet,100,operation-warm,5,78.03553699999975,81.4452280000005,"warm derived state equals fresh adapter with history checkpoints disabled"
06941214bb4907bcdbb848c9d5de0267f0765bbc,99a2ffc3439985ad557a3fb5fac081ecd84c0cab37b8c14b358b47ea4d75ccaa,c5d8ccb26bff7cdc2ccff5c09fc0bd8ed3ccad07af1aa6cfd4d5da5926ddcdda,main-06941214,fillet,100,early-warm,5,97.20376000000033,103.73603000000003,"warm derived state equals fresh adapter with history checkpoints disabled"
06941214bb4907bcdbb848c9d5de0267f0765bbc,99a2ffc3439985ad557a3fb5fac081ecd84c0cab37b8c14b358b47ea4d75ccaa,c5d8ccb26bff7cdc2ccff5c09fc0bd8ed3ccad07af1aa6cfd4d5da5926ddcdda,main-06941214,fillet,100,late-warm,5,81.43766400000095,95.69322599999941,"warm derived state equals fresh adapter with history checkpoints disabled"
06941214bb4907bcdbb848c9d5de0267f0765bbc,99a2ffc3439985ad557a3fb5fac081ecd84c0cab37b8c14b358b47ea4d75ccaa,c5d8ccb26bff7cdc2ccff5c09fc0bd8ed3ccad07af1aa6cfd4d5da5926ddcdda,main-06941214,chamfer,30,operation-warm,5,3.453605000002426,5.31380899999931,"warm derived state equals fresh adapter with history checkpoints disabled"
06941214bb4907bcdbb848c9d5de0267f0765bbc,99a2ffc3439985ad557a3fb5fac081ecd84c0cab37b8c14b358b47ea4d75ccaa,c5d8ccb26bff7cdc2ccff5c09fc0bd8ed3ccad07af1aa6cfd4d5da5926ddcdda,main-06941214,chamfer,30,early-warm,5,25.01787400000103,28.109665000003588,"warm derived state equals fresh adapter with history checkpoints disabled"
06941214bb4907bcdbb848c9d5de0267f0765bbc,99a2ffc3439985ad557a3fb5fac081ecd84c0cab37b8c14b358b47ea4d75ccaa,c5d8ccb26bff7cdc2ccff5c09fc0bd8ed3ccad07af1aa6cfd4d5da5926ddcdda,main-06941214,chamfer,30,late-warm,5,3.931538000000728,3.9885549999999057,"warm derived state equals fresh adapter with history checkpoints disabled"
06941214bb4907bcdbb848c9d5de0267f0765bbc,99a2ffc3439985ad557a3fb5fac081ecd84c0cab37b8c14b358b47ea4d75ccaa,c5d8ccb26bff7cdc2ccff5c09fc0bd8ed3ccad07af1aa6cfd4d5da5926ddcdda,main-06941214,chamfer,33,operation-warm,5,3.165420000001177,3.540958999998111,"warm derived state equals fresh adapter with history checkpoints disabled"
06941214bb4907bcdbb848c9d5de0267f0765bbc,99a2ffc3439985ad557a3fb5fac081ecd84c0cab37b8c14b358b47ea4d75ccaa,c5d8ccb26bff7cdc2ccff5c09fc0bd8ed3ccad07af1aa6cfd4d5da5926ddcdda,main-06941214,chamfer,33,early-warm,5,22.980384999998932,25.920890999997937,"warm derived state equals fresh adapter with history checkpoints disabled"
06941214bb4907bcdbb848c9d5de0267f0765bbc,99a2ffc3439985ad557a3fb5fac081ecd84c0cab37b8c14b358b47ea4d75ccaa,c5d8ccb26bff7cdc2ccff5c09fc0bd8ed3ccad07af1aa6cfd4d5da5926ddcdda,main-06941214,chamfer,33,late-warm,5,3.8389319999987492,4.198171000000002,"warm derived state equals fresh adapter with history checkpoints disabled"
06941214bb4907bcdbb848c9d5de0267f0765bbc,99a2ffc3439985ad557a3fb5fac081ecd84c0cab37b8c14b358b47ea4d75ccaa,c5d8ccb26bff7cdc2ccff5c09fc0bd8ed3ccad07af1aa6cfd4d5da5926ddcdda,main-06941214,chamfer,100,operation-warm,5,47.84954899999866,92.09210300000268,"warm derived state equals fresh adapter with history checkpoints disabled"
06941214bb4907bcdbb848c9d5de0267f0765bbc,99a2ffc3439985ad557a3fb5fac081ecd84c0cab37b8c14b358b47ea4d75ccaa,c5d8ccb26bff7cdc2ccff5c09fc0bd8ed3ccad07af1aa6cfd4d5da5926ddcdda,main-06941214,chamfer,100,early-warm,5,122.4226239999989,137.24191100000098,"warm derived state equals fresh adapter with history checkpoints disabled"
06941214bb4907bcdbb848c9d5de0267f0765bbc,99a2ffc3439985ad557a3fb5fac081ecd84c0cab37b8c14b358b47ea4d75ccaa,c5d8ccb26bff7cdc2ccff5c09fc0bd8ed3ccad07af1aa6cfd4d5da5926ddcdda,main-06941214,chamfer,100,late-warm,5,47.265896000000794,101.01318700000047,"warm derived state equals fresh adapter with history checkpoints disabled"
06941214bb4907bcdbb848c9d5de0267f0765bbc,99a2ffc3439985ad557a3fb5fac081ecd84c0cab37b8c14b358b47ea4d75ccaa,c5d8ccb26bff7cdc2ccff5c09fc0bd8ed3ccad07af1aa6cfd4d5da5926ddcdda,main-06941214,pattern,30,operation-warm,5,3.9417669999966165,4.760884999999689,"warm derived state equals fresh adapter with history checkpoints disabled"
06941214bb4907bcdbb848c9d5de0267f0765bbc,99a2ffc3439985ad557a3fb5fac081ecd84c0cab37b8c14b358b47ea4d75ccaa,c5d8ccb26bff7cdc2ccff5c09fc0bd8ed3ccad07af1aa6cfd4d5da5926ddcdda,main-06941214,pattern,30,early-warm,5,23.342429000000266,23.89983299999949,"warm derived state equals fresh adapter with history checkpoints disabled"
06941214bb4907bcdbb848c9d5de0267f0765bbc,99a2ffc3439985ad557a3fb5fac081ecd84c0cab37b8c14b358b47ea4d75ccaa,c5d8ccb26bff7cdc2ccff5c09fc0bd8ed3ccad07af1aa6cfd4d5da5926ddcdda,main-06941214,pattern,30,late-warm,5,4.022419000000809,5.431250999998156,"warm derived state equals fresh adapter with history checkpoints disabled"
06941214bb4907bcdbb848c9d5de0267f0765bbc,99a2ffc3439985ad557a3fb5fac081ecd84c0cab37b8c14b358b47ea4d75ccaa,c5d8ccb26bff7cdc2ccff5c09fc0bd8ed3ccad07af1aa6cfd4d5da5926ddcdda,main-06941214,pattern,33,operation-warm,5,3.6077060000025085,3.7746509999997215,"warm derived state equals fresh adapter with history checkpoints disabled"
06941214bb4907bcdbb848c9d5de0267f0765bbc,99a2ffc3439985ad557a3fb5fac081ecd84c0cab37b8c14b358b47ea4d75ccaa,c5d8ccb26bff7cdc2ccff5c09fc0bd8ed3ccad07af1aa6cfd4d5da5926ddcdda,main-06941214,pattern,33,early-warm,5,24.731532999998308,26.336796999999933,"warm derived state equals fresh adapter with history checkpoints disabled"
06941214bb4907bcdbb848c9d5de0267f0765bbc,99a2ffc3439985ad557a3fb5fac081ecd84c0cab37b8c14b358b47ea4d75ccaa,c5d8ccb26bff7cdc2ccff5c09fc0bd8ed3ccad07af1aa6cfd4d5da5926ddcdda,main-06941214,pattern,33,late-warm,5,4.192529999996623,9.829821000002994,"warm derived state equals fresh adapter with history checkpoints disabled"
06941214bb4907bcdbb848c9d5de0267f0765bbc,99a2ffc3439985ad557a3fb5fac081ecd84c0cab37b8c14b358b47ea4d75ccaa,c5d8ccb26bff7cdc2ccff5c09fc0bd8ed3ccad07af1aa6cfd4d5da5926ddcdda,main-06941214,pattern,100,operation-warm,5,51.380599000000075,54.52250600000116,"warm derived state equals fresh adapter with history checkpoints disabled"
06941214bb4907bcdbb848c9d5de0267f0765bbc,99a2ffc3439985ad557a3fb5fac081ecd84c0cab37b8c14b358b47ea4d75ccaa,c5d8ccb26bff7cdc2ccff5c09fc0bd8ed3ccad07af1aa6cfd4d5da5926ddcdda,main-06941214,pattern,100,early-warm,5,79.1008499999989,114.0040399999998,"warm derived state equals fresh adapter with history checkpoints disabled"
06941214bb4907bcdbb848c9d5de0267f0765bbc,99a2ffc3439985ad557a3fb5fac081ecd84c0cab37b8c14b358b47ea4d75ccaa,c5d8ccb26bff7cdc2ccff5c09fc0bd8ed3ccad07af1aa6cfd4d5da5926ddcdda,main-06941214,pattern,100,late-warm,5,74.73231600000145,82.57136600000013,"warm derived state equals fresh adapter with history checkpoints disabled"
06941214bb4907bcdbb848c9d5de0267f0765bbc,99a2ffc3439985ad557a3fb5fac081ecd84c0cab37b8c14b358b47ea4d75ccaa,c5d8ccb26bff7cdc2ccff5c09fc0bd8ed3ccad07af1aa6cfd4d5da5926ddcdda,main-06941214,parameter,30,operation-warm,5,30.07780300000013,35.13865500000247,"warm derived state equals fresh adapter with history checkpoints disabled"
06941214bb4907bcdbb848c9d5de0267f0765bbc,99a2ffc3439985ad557a3fb5fac081ecd84c0cab37b8c14b358b47ea4d75ccaa,c5d8ccb26bff7cdc2ccff5c09fc0bd8ed3ccad07af1aa6cfd4d5da5926ddcdda,main-06941214,parameter,30,early-warm,5,23.67983699999604,25.516044999996666,"warm derived state equals fresh adapter with history checkpoints disabled"
06941214bb4907bcdbb848c9d5de0267f0765bbc,99a2ffc3439985ad557a3fb5fac081ecd84c0cab37b8c14b358b47ea4d75ccaa,c5d8ccb26bff7cdc2ccff5c09fc0bd8ed3ccad07af1aa6cfd4d5da5926ddcdda,main-06941214,parameter,30,late-warm,5,1.5661290000061854,1.8125349999972968,"warm derived state equals fresh adapter with history checkpoints disabled"
06941214bb4907bcdbb848c9d5de0267f0765bbc,99a2ffc3439985ad557a3fb5fac081ecd84c0cab37b8c14b358b47ea4d75ccaa,c5d8ccb26bff7cdc2ccff5c09fc0bd8ed3ccad07af1aa6cfd4d5da5926ddcdda,main-06941214,parameter,33,operation-warm,5,26.00406700000167,30.306264999999257,"warm derived state equals fresh adapter with history checkpoints disabled"
06941214bb4907bcdbb848c9d5de0267f0765bbc,99a2ffc3439985ad557a3fb5fac081ecd84c0cab37b8c14b358b47ea4d75ccaa,c5d8ccb26bff7cdc2ccff5c09fc0bd8ed3ccad07af1aa6cfd4d5da5926ddcdda,main-06941214,parameter,33,early-warm,5,25.75506700000551,27.415945000000647,"warm derived state equals fresh adapter with history checkpoints disabled"
06941214bb4907bcdbb848c9d5de0267f0765bbc,99a2ffc3439985ad557a3fb5fac081ecd84c0cab37b8c14b358b47ea4d75ccaa,c5d8ccb26bff7cdc2ccff5c09fc0bd8ed3ccad07af1aa6cfd4d5da5926ddcdda,main-06941214,parameter,33,late-warm,5,1.4377859999949578,1.561820999995689,"warm derived state equals fresh adapter with history checkpoints disabled"
06941214bb4907bcdbb848c9d5de0267f0765bbc,99a2ffc3439985ad557a3fb5fac081ecd84c0cab37b8c14b358b47ea4d75ccaa,c5d8ccb26bff7cdc2ccff5c09fc0bd8ed3ccad07af1aa6cfd4d5da5926ddcdda,main-06941214,parameter,100,operation-warm,5,252.33176200000162,449.6939330000023,"warm derived state equals fresh adapter with history checkpoints disabled"
06941214bb4907bcdbb848c9d5de0267f0765bbc,99a2ffc3439985ad557a3fb5fac081ecd84c0cab37b8c14b358b47ea4d75ccaa,c5d8ccb26bff7cdc2ccff5c09fc0bd8ed3ccad07af1aa6cfd4d5da5926ddcdda,main-06941214,parameter,100,early-warm,5,82.74919100000261,143.95437200000015,"warm derived state equals fresh adapter with history checkpoints disabled"
06941214bb4907bcdbb848c9d5de0267f0765bbc,99a2ffc3439985ad557a3fb5fac081ecd84c0cab37b8c14b358b47ea4d75ccaa,c5d8ccb26bff7cdc2ccff5c09fc0bd8ed3ccad07af1aa6cfd4d5da5926ddcdda,main-06941214,parameter,100,late-warm,5,80.36924500000168,85.0228980000029,"warm derived state equals fresh adapter with history checkpoints disabled"
06941214bb4907bcdbb848c9d5de0267f0765bbc,99a2ffc3439985ad557a3fb5fac081ecd84c0cab37b8c14b358b47ea4d75ccaa,c5d8ccb26bff7cdc2ccff5c09fc0bd8ed3ccad07af1aa6cfd4d5da5926ddcdda,main-06941214,direct-edit,30,operation-warm,5,7.313155999996525,11.719961999995576,"warm derived state equals fresh adapter with history checkpoints disabled"
06941214bb4907bcdbb848c9d5de0267f0765bbc,99a2ffc3439985ad557a3fb5fac081ecd84c0cab37b8c14b358b47ea4d75ccaa,c5d8ccb26bff7cdc2ccff5c09fc0bd8ed3ccad07af1aa6cfd4d5da5926ddcdda,main-06941214,direct-edit,30,early-warm,5,41.38076799999544,45.20118499999808,"warm derived state equals fresh adapter with history checkpoints disabled"
06941214bb4907bcdbb848c9d5de0267f0765bbc,99a2ffc3439985ad557a3fb5fac081ecd84c0cab37b8c14b358b47ea4d75ccaa,c5d8ccb26bff7cdc2ccff5c09fc0bd8ed3ccad07af1aa6cfd4d5da5926ddcdda,main-06941214,direct-edit,30,late-warm,5,3.4372139999977662,3.700912000000244,"warm derived state equals fresh adapter with history checkpoints disabled"
06941214bb4907bcdbb848c9d5de0267f0765bbc,99a2ffc3439985ad557a3fb5fac081ecd84c0cab37b8c14b358b47ea4d75ccaa,c5d8ccb26bff7cdc2ccff5c09fc0bd8ed3ccad07af1aa6cfd4d5da5926ddcdda,main-06941214,direct-edit,33,operation-warm,5,2.741117999998096,2.9676259999978356,"warm derived state equals fresh adapter with history checkpoints disabled"
06941214bb4907bcdbb848c9d5de0267f0765bbc,99a2ffc3439985ad557a3fb5fac081ecd84c0cab37b8c14b358b47ea4d75ccaa,c5d8ccb26bff7cdc2ccff5c09fc0bd8ed3ccad07af1aa6cfd4d5da5926ddcdda,main-06941214,direct-edit,33,early-warm,5,26.913837000000058,29.06683399999747,"warm derived state equals fresh adapter with history checkpoints disabled"
06941214bb4907bcdbb848c9d5de0267f0765bbc,99a2ffc3439985ad557a3fb5fac081ecd84c0cab37b8c14b358b47ea4d75ccaa,c5d8ccb26bff7cdc2ccff5c09fc0bd8ed3ccad07af1aa6cfd4d5da5926ddcdda,main-06941214,direct-edit,33,late-warm,5,3.3472529999999097,4.204112999999779,"warm derived state equals fresh adapter with history checkpoints disabled"
06941214bb4907bcdbb848c9d5de0267f0765bbc,99a2ffc3439985ad557a3fb5fac081ecd84c0cab37b8c14b358b47ea4d75ccaa,c5d8ccb26bff7cdc2ccff5c09fc0bd8ed3ccad07af1aa6cfd4d5da5926ddcdda,main-06941214,direct-edit,100,operation-warm,5,54.208262000000104,64.57788200000505,"warm derived state equals fresh adapter with history checkpoints disabled"
06941214bb4907bcdbb848c9d5de0267f0765bbc,99a2ffc3439985ad557a3fb5fac081ecd84c0cab37b8c14b358b47ea4d75ccaa,c5d8ccb26bff7cdc2ccff5c09fc0bd8ed3ccad07af1aa6cfd4d5da5926ddcdda,main-06941214,direct-edit,100,early-warm,5,76.44466100000136,82.58464100000128,"warm derived state equals fresh adapter with history checkpoints disabled"
06941214bb4907bcdbb848c9d5de0267f0765bbc,99a2ffc3439985ad557a3fb5fac081ecd84c0cab37b8c14b358b47ea4d75ccaa,c5d8ccb26bff7cdc2ccff5c09fc0bd8ed3ccad07af1aa6cfd4d5da5926ddcdda,main-06941214,direct-edit,100,late-warm,5,57.14343899999949,61.057631999996374,"warm derived state equals fresh adapter with history checkpoints disabled"
