family,history_features,phase,baseline_samples,baseline_median_ms,baseline_p95_ms,candidate_samples,candidate_median_ms,candidate_p95_ms,median_delta_ms,p95_delta_ms
extrude,30,operation-warm,5,5.577,9.237,5,3.097,3.654,-2.48,-5.583
extrude,30,early-warm,5,48.897,58.695,5,20.912,30.458,-27.984,-28.237
extrude,30,late-warm,5,4.994,7.533,5,2.278,2.481,-2.716,-5.052
extrude,33,operation-warm,5,3.033,3.21,5,1.473,1.537,-1.56,-1.673
extrude,33,early-warm,5,40.971,58.544,5,27.472,28.614,-13.498,-29.93
extrude,33,late-warm,5,2.844,4.121,5,3.952,4.059,1.108,-0.063
extrude,100,operation-warm,5,70.291,72.313,5,14.292,14.714,-55.999,-57.598
extrude,100,early-warm,5,72.339,120.365,5,62.239,63.684,-10.1,-56.681
extrude,100,late-warm,5,58.218,71.192,5,13.954,14.551,-44.263,-56.641
boolean,30,operation-warm,5,7.729,19.048,5,7.819,9.848,0.09,-9.2
boolean,30,early-warm,5,27.721,44.21,5,23.833,24.43,-3.889,-19.78
boolean,30,late-warm,5,7.715,11.667,5,5.418,5.615,-2.297,-6.052
boolean,33,operation-warm,5,6.983,12.304,5,5.022,5.033,-1.961,-7.271
boolean,33,early-warm,5,40.984,51.116,5,23.663,25.237,-17.321,-25.879
boolean,33,late-warm,5,7.126,11.765,5,7.174,9.11,0.048,-2.655
boolean,100,operation-warm,5,65.636,76.41,5,17.655,18.597,-47.981,-57.813
boolean,100,early-warm,5,75.232,78.849,5,62.966,63.814,-12.266,-15.035
boolean,100,late-warm,5,51.815,53.413,5,17.06,18.893,-34.755,-34.521
fillet,30,operation-warm,5,36.572,52.376,5,32.797,33.328,-3.776,-19.049
fillet,30,early-warm,5,56.544,58.4,5,50.103,52.049,-6.441,-6.351
fillet,30,late-warm,5,37.347,54.016,5,32.244,32.437,-5.102,-21.579
fillet,33,operation-warm,5,34.861,40.98,5,31.755,31.818,-3.106,-9.161
fillet,33,early-warm,5,58.363,67.705,5,50.25,52.173,-8.113,-15.532
fillet,33,late-warm,5,34.063,37.464,5,34.494,34.743,0.432,-2.721
fillet,100,operation-warm,5,78.036,81.445,5,44.184,44.269,-33.852,-37.176
fillet,100,early-warm,5,97.204,103.736,5,91.795,102.191,-5.409,-1.545
fillet,100,late-warm,5,81.438,95.693,5,44.148,46.218,-37.29,-49.475
chamfer,30,operation-warm,5,3.454,5.314,5,3.305,3.459,-0.148,-1.855
chamfer,30,early-warm,5,25.018,28.11,5,19.589,21.569,-5.428,-6.541
chamfer,30,late-warm,5,3.932,3.989,5,3.237,3.391,-0.695,-0.598
chamfer,33,operation-warm,5,3.165,3.541,5,2.728,4.394,-0.437,0.853
chamfer,33,early-warm,5,22.98,25.921,5,21.299,22.9,-1.681,-3.021
chamfer,33,late-warm,5,3.839,4.198,5,5.221,5.376,1.382,1.178
chamfer,100,operation-warm,5,47.85,92.092,5,14.907,17.279,-32.942,-74.814
chamfer,100,early-warm,5,122.423,137.242,5,60.299,61.073,-62.124,-76.169
chamfer,100,late-warm,5,47.266,101.013,5,14.624,14.84,-32.642,-86.174
pattern,30,operation-warm,5,3.942,4.761,5,4.363,5.833,0.421,1.072
pattern,30,early-warm,5,23.342,23.9,5,22.023,22.249,-1.319,-1.651
pattern,30,late-warm,5,4.022,5.431,5,3.649,5.42,-0.374,-0.011
pattern,33,operation-warm,5,3.608,3.775,5,3.798,6.437,0.19,2.662
pattern,33,early-warm,5,24.732,26.337,5,22.01,23.133,-2.722,-3.204
pattern,33,late-warm,5,4.193,9.83,5,5.335,5.451,1.143,-4.379
pattern,100,operation-warm,5,51.381,54.523,5,15.47,15.849,-35.911,-38.674
pattern,100,early-warm,5,79.101,114.004,5,61.574,62.001,-17.527,-52.003
pattern,100,late-warm,5,74.732,82.571,5,15.091,16.962,-59.641,-65.61
parameter,30,operation-warm,5,30.078,35.139,5,23.544,26.867,-6.534,-8.272
parameter,30,early-warm,5,23.68,25.516,5,19.363,19.601,-4.317,-5.915
parameter,30,late-warm,5,1.566,1.813,5,1.719,1.745,0.153,-0.068
parameter,33,operation-warm,5,26.004,30.306,5,21.173,25.606,-4.831,-4.7
parameter,33,early-warm,5,25.755,27.416,5,19.208,21.033,-6.547,-6.383
parameter,33,late-warm,5,1.438,1.562,5,1.184,1.197,-0.254,-0.364
parameter,100,operation-warm,5,252.332,449.694,5,94.508,99.725,-157.824,-349.969
parameter,100,early-warm,5,82.749,143.954,5,59.223,60.599,-23.526,-83.355
parameter,100,late-warm,5,80.369,85.023,5,12.804,15.107,-67.565,-69.916
direct-edit,30,operation-warm,5,7.313,11.72,5,2.854,2.933,-4.459,-8.787
direct-edit,30,early-warm,5,41.381,45.201,5,18.432,20.277,-22.949,-24.924
direct-edit,30,late-warm,5,3.437,3.701,5,2.843,2.913,-0.594,-0.788
direct-edit,33,operation-warm,5,2.741,2.968,5,2.427,2.601,-0.314,-0.367
direct-edit,33,early-warm,5,26.914,29.067,5,20.178,21.883,-6.736,-7.184
direct-edit,33,late-warm,5,3.347,4.204,5,4.615,4.776,1.268,0.572
direct-edit,100,operation-warm,5,54.208,64.578,5,14.372,16.703,-39.836,-47.875
direct-edit,100,early-warm,5,76.445,82.585,5,60.522,62.043,-15.923,-20.542
direct-edit,100,late-warm,5,57.143,61.058,5,16.343,18.685,-40.8,-42.373
