family,features,phase,before_median_ms,after_median_ms,before_p95_ms,after_p95_ms,before_replayed,after_replayed,after_reused_primitives,before_remeasured,after_remeasured
extrude,30,operation-warm,2.983,3.176,4.094,5.196,2,2,0,2,2
extrude,30,early-warm,20.714,20.301,24.777,22.247,30,30,0,29,29
extrude,30,late-warm,2.019,2.053,2.897,3.217,2,2,0,2,2
extrude,100,operation-warm,14.525,15.38,19.611,19.297,20,20,0,20,20
extrude,100,early-warm,60.987,59.489,64.387,61.121,100,100,0,99,99
extrude,100,late-warm,13.701,13.363,14.49,16.561,20,20,0,20,20
boolean,30,operation-warm,7.566,8.136,10.207,9.837,2,2,0,2,2
boolean,30,early-warm,21.688,21.149,23.642,22.771,30,30,0,29,29
boolean,30,late-warm,5.344,5.401,5.539,5.672,2,2,0,2,2
boolean,100,operation-warm,17.982,18.54,18.504,19.943,20,20,0,20,20
boolean,100,early-warm,61.677,61.624,63.491,63.686,100,100,0,99,99
boolean,100,late-warm,17.401,16.828,19.641,17.423,20,20,0,20,20
fillet,30,operation-warm,32.212,19.343,33.065,20.02,2,2,0,2,2
fillet,30,early-warm,47.875,35.128,51.567,36.415,30,30,0,30,30
fillet,30,late-warm,31.469,18.852,33.135,19.352,2,2,0,2,2
fillet,100,operation-warm,43.618,30.213,47.015,32.777,20,20,0,20,20
fillet,100,early-warm,88.674,75.461,93.306,76.493,100,100,0,100,100
fillet,100,late-warm,43.706,30.128,45.482,31.818,20,20,0,20,20
chamfer,30,operation-warm,3.257,3.239,3.363,4.575,2,2,0,2,2
chamfer,30,early-warm,19.226,18.423,20.562,18.779,30,30,0,30,30
chamfer,30,late-warm,3.154,3.119,3.234,4.656,2,2,0,2,2
chamfer,100,operation-warm,14.473,14.536,16.72,16.873,20,20,0,20,20
chamfer,100,early-warm,58.778,58.02,62.009,58.387,100,100,0,100,100
chamfer,100,late-warm,14.633,14.832,16.736,16.882,20,20,0,20,20
pattern,30,operation-warm,4.288,4.46,4.495,5.954,2,2,0,2,2
pattern,30,early-warm,21.161,21.07,21.768,21.349,30,30,0,30,30
pattern,30,late-warm,3.532,3.604,3.615,3.666,2,2,0,2,2
pattern,100,operation-warm,15.888,15.713,16.922,17.225,20,20,0,20,20
pattern,100,early-warm,61.247,58.682,63.018,59.352,100,100,0,100,100
pattern,100,late-warm,17.202,14.6,24.233,19.376,20,20,0,20,20
parameter,30,operation-warm,23.286,1.38,25.293,1.681,28,1,27,28,1
parameter,30,early-warm,17.582,1.23,21.28,2.755,30,1,29,30,1
parameter,30,late-warm,1.728,0.941,1.743,0.984,2,1,1,2,1
parameter,100,operation-warm,79.652,2.281,106.156,3.083,98,1,97,98,1
parameter,100,early-warm,60.075,2.219,64.451,2.53,100,1,99,100,1
parameter,100,late-warm,12.845,1.674,15.236,1.792,20,1,19,20,1
direct-edit,30,operation-warm,2.792,2.817,3.085,3.099,2,2,0,2,2
direct-edit,30,early-warm,19.771,17.701,21.866,19.397,30,30,0,29,29
direct-edit,30,late-warm,2.816,2.764,2.969,2.81,2,2,0,2,2
direct-edit,100,operation-warm,14.935,13.8,18.598,15.668,20,20,0,20,20
direct-edit,100,early-warm,60.236,56.268,66.288,57.309,100,100,0,99,99
direct-edit,100,late-warm,14.287,13.561,16.498,13.676,20,20,0,20,20
