session,family,historyFeatures,phase,sample,elapsedMs,kind,replayed,restored,reusedPrimitives,remeasured,reusedMeasurements,bodies,triangles
before,extrude,30,operation-warm,1,4.094176000000061,prefix-restore,2,28,0,2,27,29,348
before,extrude,30,operation-warm,2,3.3512230000000045,prefix-restore,2,28,0,2,27,29,348
before,extrude,30,operation-warm,3,2.9834370000000945,prefix-restore,2,28,0,2,27,29,348
before,extrude,30,operation-warm,4,2.7777889999999843,prefix-restore,2,28,0,2,27,29,348
before,extrude,30,operation-warm,5,3.180890999999974,prefix-restore,2,28,0,2,27,29,348
before,extrude,30,operation-warm,6,2.416565999999875,prefix-restore,2,28,0,2,27,29,348
before,extrude,30,operation-warm,7,2.4064670000000206,prefix-restore,2,28,0,2,27,29,348
before,extrude,30,early-warm,1,22.19408700000008,full-rebuild,30,0,0,29,0,29,348
before,extrude,30,early-warm,2,24.77744800000005,full-rebuild,30,0,0,29,0,29,348
before,extrude,30,early-warm,3,20.311860000000024,full-rebuild,30,0,0,29,0,29,348
before,extrude,30,early-warm,4,20.713829999999916,full-rebuild,30,0,0,29,0,29,348
before,extrude,30,early-warm,5,21.003066000000217,full-rebuild,30,0,0,29,0,29,348
before,extrude,30,early-warm,6,20.046438999999964,full-rebuild,30,0,0,29,0,29,348
before,extrude,30,early-warm,7,20.139715000000024,full-rebuild,30,0,0,29,0,29,348
before,extrude,30,late-warm,1,2.114716000000044,prefix-restore,2,28,0,2,27,29,348
before,extrude,30,late-warm,2,1.9415989999999965,prefix-restore,2,28,0,2,27,29,348
before,extrude,30,late-warm,3,1.9935460000001513,prefix-restore,2,28,0,2,27,29,348
before,extrude,30,late-warm,4,2.8967529999999897,prefix-restore,2,28,0,2,27,29,348
before,extrude,30,late-warm,5,2.0189550000000054,prefix-restore,2,28,0,2,27,29,348
before,extrude,30,late-warm,6,2.049972999999909,prefix-restore,2,28,0,2,27,29,348
before,extrude,30,late-warm,7,2.009627000000137,prefix-restore,2,28,0,2,27,29,348
before,extrude,100,operation-warm,1,19.61124700000005,prefix-restore,20,80,0,20,79,99,1188
before,extrude,100,operation-warm,2,18.803289999999834,prefix-restore,20,80,0,20,79,99,1188
before,extrude,100,operation-warm,3,13.422010999999884,prefix-restore,20,80,0,20,79,99,1188
before,extrude,100,operation-warm,4,16.056199000000106,prefix-restore,20,80,0,20,79,99,1188
before,extrude,100,operation-warm,5,13.714183000000048,prefix-restore,20,80,0,20,79,99,1188
before,extrude,100,operation-warm,6,14.524543999999878,prefix-restore,20,80,0,20,79,99,1188
before,extrude,100,operation-warm,7,13.947865000000093,prefix-restore,20,80,0,20,79,99,1188
before,extrude,100,early-warm,1,64.38735299999962,full-rebuild,100,0,0,99,0,99,1188
before,extrude,100,early-warm,2,60.230899000000136,full-rebuild,100,0,0,99,0,99,1188
before,extrude,100,early-warm,3,60.2339850000003,full-rebuild,100,0,0,99,0,99,1188
before,extrude,100,early-warm,4,59.04322499999989,full-rebuild,100,0,0,99,0,99,1188
before,extrude,100,early-warm,5,60.98707800000011,full-rebuild,100,0,0,99,0,99,1188
before,extrude,100,early-warm,6,61.29310600000008,full-rebuild,100,0,0,99,0,99,1188
before,extrude,100,early-warm,7,63.11605099999997,full-rebuild,100,0,0,99,0,99,1188
before,extrude,100,late-warm,1,13.701438999999937,prefix-restore,20,80,0,20,79,99,1188
before,extrude,100,late-warm,2,14.490139999999883,prefix-restore,20,80,0,20,79,99,1188
before,extrude,100,late-warm,3,13.674197999999706,prefix-restore,20,80,0,20,79,99,1188
before,extrude,100,late-warm,4,13.81381199999987,prefix-restore,20,80,0,20,79,99,1188
before,extrude,100,late-warm,5,13.61329300000034,prefix-restore,20,80,0,20,79,99,1188
before,extrude,100,late-warm,6,14.01325900000029,prefix-restore,20,80,0,20,79,99,1188
before,extrude,100,late-warm,7,13.559221000000434,prefix-restore,20,80,0,20,79,99,1188
before,boolean,30,operation-warm,1,10.20702700000038,prefix-restore,2,28,0,2,27,29,348
before,boolean,30,operation-warm,2,8.178383999999824,prefix-restore,2,28,0,2,27,29,348
before,boolean,30,operation-warm,3,7.958669000000555,prefix-restore,2,28,0,2,27,29,348
before,boolean,30,operation-warm,4,7.387478999999985,prefix-restore,2,28,0,2,27,29,348
before,boolean,30,operation-warm,5,7.565585000000283,prefix-restore,2,28,0,2,27,29,348
before,boolean,30,operation-warm,6,6.775622999999541,prefix-restore,2,28,0,2,27,29,348
before,boolean,30,operation-warm,7,6.722993999999744,prefix-restore,2,28,0,2,27,29,348
before,boolean,30,early-warm,1,23.64247400000022,full-rebuild,30,0,0,29,0,29,348
before,boolean,30,early-warm,2,23.361753999999564,full-rebuild,30,0,0,29,0,29,348
before,boolean,30,early-warm,3,21.688250999999582,full-rebuild,30,0,0,29,0,29,348
before,boolean,30,early-warm,4,23.296189000000595,full-rebuild,30,0,0,29,0,29,348
before,boolean,30,early-warm,5,21.351184000000103,full-rebuild,30,0,0,29,0,29,348
before,boolean,30,early-warm,6,21.29128100000071,full-rebuild,30,0,0,29,0,29,348
before,boolean,30,early-warm,7,21.41867099999945,full-rebuild,30,0,0,29,0,29,348
before,boolean,30,late-warm,1,5.197360999999546,prefix-restore,2,28,0,2,27,29,348
before,boolean,30,late-warm,2,5.2855970000000525,prefix-restore,2,28,0,2,27,29,348
before,boolean,30,late-warm,3,5.212649000000056,prefix-restore,2,28,0,2,27,29,348
before,boolean,30,late-warm,4,5.344368000000031,prefix-restore,2,28,0,2,27,29,348
before,boolean,30,late-warm,5,5.4039309999998295,prefix-restore,2,28,0,2,27,29,348
before,boolean,30,late-warm,6,5.5157719999997425,prefix-restore,2,28,0,2,27,29,348
before,boolean,30,late-warm,7,5.539166000000478,prefix-restore,2,28,0,2,27,29,348
before,boolean,100,operation-warm,1,17.520926000000145,prefix-restore,20,80,0,20,79,99,1188
before,boolean,100,operation-warm,2,17.4864520000001,prefix-restore,20,80,0,20,79,99,1188
before,boolean,100,operation-warm,3,17.884603999999854,prefix-restore,20,80,0,20,79,99,1188
before,boolean,100,operation-warm,4,18.504464999999982,prefix-restore,20,80,0,20,79,99,1188
before,boolean,100,operation-warm,5,18.203365999999733,prefix-restore,20,80,0,20,79,99,1188
before,boolean,100,operation-warm,6,17.982498999999734,prefix-restore,20,80,0,20,79,99,1188
before,boolean,100,operation-warm,7,18.151899000000412,prefix-restore,20,80,0,20,79,99,1188
before,boolean,100,early-warm,1,63.49130999999943,full-rebuild,100,0,0,99,0,99,1188
before,boolean,100,early-warm,2,62.26005299999997,full-rebuild,100,0,0,99,0,99,1188
before,boolean,100,early-warm,3,59.868124000000535,full-rebuild,100,0,0,99,0,99,1188
before,boolean,100,early-warm,4,61.10133399999995,full-rebuild,100,0,0,99,0,99,1188
before,boolean,100,early-warm,5,59.92673399999967,full-rebuild,100,0,0,99,0,99,1188
before,boolean,100,early-warm,6,61.989792999999736,full-rebuild,100,0,0,99,0,99,1188
before,boolean,100,early-warm,7,61.67692199999965,full-rebuild,100,0,0,99,0,99,1188
before,boolean,100,late-warm,1,16.683724999999868,prefix-restore,20,80,0,20,79,99,1188
before,boolean,100,late-warm,2,16.306923000000097,prefix-restore,20,80,0,20,79,99,1188
before,boolean,100,late-warm,3,18.809642000000167,prefix-restore,20,80,0,20,79,99,1188
before,boolean,100,late-warm,4,19.641182999999728,prefix-restore,20,80,0,20,79,99,1188
before,boolean,100,late-warm,5,17.401260000000548,prefix-restore,20,80,0,20,79,99,1188
before,boolean,100,late-warm,6,17.18894900000032,prefix-restore,20,80,0,20,79,99,1188
before,boolean,100,late-warm,7,17.521467999999913,prefix-restore,20,80,0,20,79,99,1188
before,fillet,30,operation-warm,1,33.06536899999992,prefix-restore,2,28,0,2,28,30,520
before,fillet,30,operation-warm,2,32.14249500000005,prefix-restore,2,28,0,2,28,30,520
before,fillet,30,operation-warm,3,32.80412499999875,prefix-restore,2,28,0,2,28,30,520
before,fillet,30,operation-warm,4,31.877103999999235,prefix-restore,2,28,0,2,28,30,520
before,fillet,30,operation-warm,5,32.211765000000014,prefix-restore,2,28,0,2,28,30,520
before,fillet,30,operation-warm,6,32.93789699999979,prefix-restore,2,28,0,2,28,30,520
before,fillet,30,operation-warm,7,31.838470999999117,prefix-restore,2,28,0,2,28,30,520
before,fillet,30,early-warm,1,51.567118000000846,full-rebuild,30,0,0,30,0,30,520
before,fillet,30,early-warm,2,47.683600999998816,full-rebuild,30,0,0,30,0,30,520
before,fillet,30,early-warm,3,48.25119300000006,full-rebuild,30,0,0,30,0,30,520
before,fillet,30,early-warm,4,47.87487200000032,full-rebuild,30,0,0,30,0,30,520
before,fillet,30,early-warm,5,47.6350480000001,full-rebuild,30,0,0,30,0,30,520
before,fillet,30,early-warm,6,47.626131999999416,full-rebuild,30,0,0,30,0,30,520
before,fillet,30,early-warm,7,48.6066039999987,full-rebuild,30,0,0,30,0,30,520
before,fillet,30,late-warm,1,33.134508999999525,prefix-restore,2,28,0,2,28,30,520
before,fillet,30,late-warm,2,31.52894500000002,prefix-restore,2,28,0,2,28,30,520
before,fillet,30,late-warm,3,31.469273000000612,prefix-restore,2,28,0,2,28,30,520
before,fillet,30,late-warm,4,31.422934999998688,prefix-restore,2,28,0,2,28,30,520
before,fillet,30,late-warm,5,31.152052999999796,prefix-restore,2,28,0,2,28,30,520
before,fillet,30,late-warm,6,31.165297999999893,prefix-restore,2,28,0,2,28,30,520
before,fillet,30,late-warm,7,32.602043000000776,prefix-restore,2,28,0,2,28,30,520
before,fillet,100,operation-warm,1,42.71929000000091,prefix-restore,20,80,0,20,80,100,1360
before,fillet,100,operation-warm,2,43.61791799999992,prefix-restore,20,80,0,20,80,100,1360
before,fillet,100,operation-warm,3,43.58485499999915,prefix-restore,20,80,0,20,80,100,1360
before,fillet,100,operation-warm,4,45.25693499999943,prefix-restore,20,80,0,20,80,100,1360
before,fillet,100,operation-warm,5,47.01520700000037,prefix-restore,20,80,0,20,80,100,1360
before,fillet,100,operation-warm,6,46.33821900000112,prefix-restore,20,80,0,20,80,100,1360
before,fillet,100,operation-warm,7,43.52967200000057,prefix-restore,20,80,0,20,80,100,1360
before,fillet,100,early-warm,1,93.30629699999918,full-rebuild,100,0,0,100,0,100,1360
before,fillet,100,early-warm,2,88.67364300000008,full-rebuild,100,0,0,100,0,100,1360
before,fillet,100,early-warm,3,88.94256099999984,full-rebuild,100,0,0,100,0,100,1360
before,fillet,100,early-warm,4,89.37549899999976,full-rebuild,100,0,0,100,0,100,1360
before,fillet,100,early-warm,5,85.35203600000023,full-rebuild,100,0,0,100,0,100,1360
before,fillet,100,early-warm,6,88.4483880000007,full-rebuild,100,0,0,100,0,100,1360
before,fillet,100,early-warm,7,86.84617900000012,full-rebuild,100,0,0,100,0,100,1360
before,fillet,100,late-warm,1,42.06058600000142,prefix-restore,20,80,0,20,80,100,1360
before,fillet,100,late-warm,2,43.70633500000076,prefix-restore,20,80,0,20,80,100,1360
before,fillet,100,late-warm,3,44.691907000000356,prefix-restore,20,80,0,20,80,100,1360
before,fillet,100,late-warm,4,45.48228100000051,prefix-restore,20,80,0,20,80,100,1360
before,fillet,100,late-warm,5,43.14428299999963,prefix-restore,20,80,0,20,80,100,1360
before,fillet,100,late-warm,6,44.46520899999996,prefix-restore,20,80,0,20,80,100,1360
before,fillet,100,late-warm,7,43.19057000000066,prefix-restore,20,80,0,20,80,100,1360
before,chamfer,30,operation-warm,1,3.307238999999754,prefix-restore,2,28,0,2,28,30,364
before,chamfer,30,operation-warm,2,3.2572540000001027,prefix-restore,2,28,0,2,28,30,364
before,chamfer,30,operation-warm,3,3.1357049999987794,prefix-restore,2,28,0,2,28,30,364
before,chamfer,30,operation-warm,4,3.2703590000000986,prefix-restore,2,28,0,2,28,30,364
before,chamfer,30,operation-warm,5,3.3625540000011824,prefix-restore,2,28,0,2,28,30,364
before,chamfer,30,operation-warm,6,3.23985200000061,prefix-restore,2,28,0,2,28,30,364
before,chamfer,30,operation-warm,7,3.1769029999995837,prefix-restore,2,28,0,2,28,30,364
before,chamfer,30,early-warm,1,19.228172999999515,full-rebuild,30,0,0,30,0,30,364
before,chamfer,30,early-warm,2,19.03617000000122,full-rebuild,30,0,0,30,0,30,364
before,chamfer,30,early-warm,3,19.226238999999623,full-rebuild,30,0,0,30,0,30,364
before,chamfer,30,early-warm,4,18.948053000000073,full-rebuild,30,0,0,30,0,30,364
before,chamfer,30,early-warm,5,18.808038999999553,full-rebuild,30,0,0,30,0,30,364
before,chamfer,30,early-warm,6,20.562353999999686,full-rebuild,30,0,0,30,0,30,364
before,chamfer,30,early-warm,7,19.690264999999272,full-rebuild,30,0,0,30,0,30,364
before,chamfer,30,late-warm,1,3.125235999999859,prefix-restore,2,28,0,2,28,30,364
before,chamfer,30,late-warm,2,3.234130999999252,prefix-restore,2,28,0,2,28,30,364
before,chamfer,30,late-warm,3,3.091099999999642,prefix-restore,2,28,0,2,28,30,364
before,chamfer,30,late-warm,4,3.1543599999986327,prefix-restore,2,28,0,2,28,30,364
before,chamfer,30,late-warm,5,3.2023210000006657,prefix-restore,2,28,0,2,28,30,364
before,chamfer,30,late-warm,6,3.1838860000007116,prefix-restore,2,28,0,2,28,30,364
before,chamfer,30,late-warm,7,3.1357150000003458,prefix-restore,2,28,0,2,28,30,364
before,chamfer,100,operation-warm,1,14.271136000001206,prefix-restore,20,80,0,20,80,100,1204
before,chamfer,100,operation-warm,2,14.420498000001317,prefix-restore,20,80,0,20,80,100,1204
before,chamfer,100,operation-warm,3,14.191544999999678,prefix-restore,20,80,0,20,80,100,1204
before,chamfer,100,operation-warm,4,14.76337599999897,prefix-restore,20,80,0,20,80,100,1204
before,chamfer,100,operation-warm,5,14.473107000001619,prefix-restore,20,80,0,20,80,100,1204
before,chamfer,100,operation-warm,6,16.72033399999964,prefix-restore,20,80,0,20,80,100,1204
before,chamfer,100,operation-warm,7,16.70561599999928,prefix-restore,20,80,0,20,80,100,1204
before,chamfer,100,early-warm,1,57.86525900000015,full-rebuild,100,0,0,100,0,100,1204
before,chamfer,100,early-warm,2,58.778034000000844,full-rebuild,100,0,0,100,0,100,1204
before,chamfer,100,early-warm,3,58.70602699999654,full-rebuild,100,0,0,100,0,100,1204
before,chamfer,100,early-warm,4,56.838629999998375,full-rebuild,100,0,0,100,0,100,1204
before,chamfer,100,early-warm,5,58.90327099999922,full-rebuild,100,0,0,100,0,100,1204
before,chamfer,100,early-warm,6,62.00944999999774,full-rebuild,100,0,0,100,0,100,1204
before,chamfer,100,early-warm,7,59.68329399999857,full-rebuild,100,0,0,100,0,100,1204
before,chamfer,100,late-warm,1,15.065016000000469,prefix-restore,20,80,0,20,80,100,1204
before,chamfer,100,late-warm,2,14.516670000000886,prefix-restore,20,80,0,20,80,100,1204
before,chamfer,100,late-warm,3,14.28411999999662,prefix-restore,20,80,0,20,80,100,1204
before,chamfer,100,late-warm,4,14.63318000000072,prefix-restore,20,80,0,20,80,100,1204
before,chamfer,100,late-warm,5,14.544763000001694,prefix-restore,20,80,0,20,80,100,1204
before,chamfer,100,late-warm,6,16.735701999998128,prefix-restore,20,80,0,20,80,100,1204
before,chamfer,100,late-warm,7,16.29033100000015,prefix-restore,20,80,0,20,80,100,1204
before,pattern,30,operation-warm,1,4.402158000000782,prefix-restore,2,28,0,2,28,30,408
before,pattern,30,operation-warm,2,3.902132999999594,prefix-restore,2,28,0,2,28,30,396
before,pattern,30,operation-warm,3,4.28776199999993,prefix-restore,2,28,0,2,28,30,408
before,pattern,30,operation-warm,4,3.697797000000719,prefix-restore,2,28,0,2,28,30,396
before,pattern,30,operation-warm,5,4.356562000000849,prefix-restore,2,28,0,2,28,30,408
before,pattern,30,operation-warm,6,3.7201999999997497,prefix-restore,2,28,0,2,28,30,396
before,pattern,30,operation-warm,7,4.4946730000010575,prefix-restore,2,28,0,2,28,30,408
before,pattern,30,early-warm,1,21.161094999999477,full-rebuild,30,0,0,30,0,30,396
before,pattern,30,early-warm,2,19.691899000001285,full-rebuild,30,0,0,30,0,30,396
before,pattern,30,early-warm,3,21.58025700000144,full-rebuild,30,0,0,30,0,30,396
before,pattern,30,early-warm,4,19.778301999998803,full-rebuild,30,0,0,30,0,30,396
before,pattern,30,early-warm,5,21.464027000001806,full-rebuild,30,0,0,30,0,30,396
before,pattern,30,early-warm,6,19.8496269999996,full-rebuild,30,0,0,30,0,30,396
before,pattern,30,early-warm,7,21.767519999997603,full-rebuild,30,0,0,30,0,30,396
before,pattern,30,late-warm,1,3.483001000000513,prefix-restore,2,28,0,2,28,30,396
before,pattern,30,late-warm,2,3.5797850000017206,prefix-restore,2,28,0,2,28,30,396
before,pattern,30,late-warm,3,3.5103830000007292,prefix-restore,2,28,0,2,28,30,396
before,pattern,30,late-warm,4,3.531533000001218,prefix-restore,2,28,0,2,28,30,396
before,pattern,30,late-warm,5,3.433296999999584,prefix-restore,2,28,0,2,28,30,396
before,pattern,30,late-warm,6,3.569333999999799,prefix-restore,2,28,0,2,28,30,396
before,pattern,30,late-warm,7,3.6149199999999837,prefix-restore,2,28,0,2,28,30,396
before,pattern,100,operation-warm,1,16.92241600000125,prefix-restore,20,80,0,20,80,100,1248
before,pattern,100,operation-warm,2,15.122755000000325,prefix-restore,20,80,0,20,80,100,1236
before,pattern,100,operation-warm,3,15.647726999999577,prefix-restore,20,80,0,20,80,100,1248
before,pattern,100,operation-warm,4,16.382556000000477,prefix-restore,20,80,0,20,80,100,1236
before,pattern,100,operation-warm,5,16.17819900000177,prefix-restore,20,80,0,20,80,100,1248
before,pattern,100,operation-warm,6,15.70514600000024,prefix-restore,20,80,0,20,80,100,1236
before,pattern,100,operation-warm,7,15.887730999998894,prefix-restore,20,80,0,20,80,100,1248
before,pattern,100,early-warm,1,61.24685799999861,full-rebuild,100,0,0,100,0,100,1236
before,pattern,100,early-warm,2,63.017753999996785,full-rebuild,100,0,0,100,0,100,1236
before,pattern,100,early-warm,3,60.74715400000059,full-rebuild,100,0,0,100,0,100,1236
before,pattern,100,early-warm,4,60.8778519999978,full-rebuild,100,0,0,100,0,100,1236
before,pattern,100,early-warm,5,59.22448799999984,full-rebuild,100,0,0,100,0,100,1236
before,pattern,100,early-warm,6,61.34076600000117,full-rebuild,100,0,0,100,0,100,1236
before,pattern,100,early-warm,7,61.25828999999794,full-rebuild,100,0,0,100,0,100,1236
before,pattern,100,late-warm,1,14.817587999998068,prefix-restore,20,80,0,20,80,100,1236
before,pattern,100,late-warm,2,16.962862000000314,prefix-restore,20,80,0,20,80,100,1236
before,pattern,100,late-warm,3,17.201783000000432,prefix-restore,20,80,0,20,80,100,1236
before,pattern,100,late-warm,4,17.27523199999996,prefix-restore,20,80,0,20,80,100,1236
before,pattern,100,late-warm,5,24.232858999999735,prefix-restore,20,80,0,20,80,100,1236
before,pattern,100,late-warm,6,18.08188700000028,prefix-restore,20,80,0,20,80,100,1236
before,pattern,100,late-warm,7,15.840340999999171,prefix-restore,20,80,0,20,80,100,1236
before,parameter,30,operation-warm,1,19.450001000001066,prefix-restore,28,2,0,28,2,30,360
before,parameter,30,operation-warm,2,25.292861999998422,prefix-restore,28,2,0,28,2,30,360
before,parameter,30,operation-warm,3,21.65693100000135,prefix-restore,28,2,0,28,2,30,360
before,parameter,30,operation-warm,4,22.51836000000185,prefix-restore,28,2,0,28,2,30,360
before,parameter,30,operation-warm,5,23.28596000000107,prefix-restore,28,2,0,28,2,30,360
before,parameter,30,operation-warm,6,24.386851000002935,prefix-restore,28,2,0,28,2,30,360
before,parameter,30,operation-warm,7,24.6616090000025,prefix-restore,28,2,0,28,2,30,360
before,parameter,30,early-warm,1,21.280289999998786,full-rebuild,30,0,0,30,0,30,360
before,parameter,30,early-warm,2,17.581822000000102,full-rebuild,30,0,0,30,0,30,360
before,parameter,30,early-warm,3,19.434743000001617,full-rebuild,30,0,0,30,0,30,360
before,parameter,30,early-warm,4,17.445134000001417,full-rebuild,30,0,0,30,0,30,360
before,parameter,30,early-warm,5,19.5044650000018,full-rebuild,30,0,0,30,0,30,360
before,parameter,30,early-warm,6,17.286334000000352,full-rebuild,30,0,0,30,0,30,360
before,parameter,30,early-warm,7,17.404516999999032,full-rebuild,30,0,0,30,0,30,360
before,parameter,30,late-warm,1,1.7107929999983753,prefix-restore,2,28,0,2,28,30,360
before,parameter,30,late-warm,2,1.700583000001643,prefix-restore,2,28,0,2,28,30,360
before,parameter,30,late-warm,3,1.737503000000288,prefix-restore,2,28,0,2,28,30,360
before,parameter,30,late-warm,4,1.7275339999978314,prefix-restore,2,28,0,2,28,30,360
before,parameter,30,late-warm,5,1.742752999998629,prefix-restore,2,28,0,2,28,30,360
before,parameter,30,late-warm,6,1.723495999998704,prefix-restore,2,28,0,2,28,30,360
before,parameter,30,late-warm,7,1.730599999998958,prefix-restore,2,28,0,2,28,30,360
before,parameter,100,operation-warm,1,61.79829000000245,prefix-restore,98,2,0,98,2,100,1200
before,parameter,100,operation-warm,2,79.65174600000319,prefix-restore,98,2,0,98,2,100,1200
before,parameter,100,operation-warm,3,103.18240799999694,prefix-restore,98,2,0,98,2,100,1200
before,parameter,100,operation-warm,4,101.70593799999915,prefix-restore,98,2,0,98,2,100,1200
before,parameter,100,operation-warm,5,106.15623699999924,prefix-restore,98,2,0,98,2,100,1200
before,parameter,100,operation-warm,6,67.22013499999957,full-rebuild,100,0,0,100,0,100,1200
before,parameter,100,operation-warm,7,62.344052000000374,prefix-restore,98,2,0,98,2,100,1200
before,parameter,100,early-warm,1,60.07526499999949,full-rebuild,100,0,0,100,0,100,1200
before,parameter,100,early-warm,2,59.87702100000024,full-rebuild,100,0,0,100,0,100,1200
before,parameter,100,early-warm,3,57.35528499999782,full-rebuild,100,0,0,100,0,100,1200
before,parameter,100,early-warm,4,64.45132300000114,full-rebuild,100,0,0,100,0,100,1200
before,parameter,100,early-warm,5,60.38295599999765,full-rebuild,100,0,0,100,0,100,1200
before,parameter,100,early-warm,6,58.18089500000133,full-rebuild,100,0,0,100,0,100,1200
before,parameter,100,early-warm,7,60.12155199999688,full-rebuild,100,0,0,100,0,100,1200
before,parameter,100,late-warm,1,15.236038999999437,prefix-restore,20,80,0,20,80,100,1200
before,parameter,100,late-warm,2,12.654851999999664,prefix-restore,20,80,0,20,80,100,1200
before,parameter,100,late-warm,3,12.447560000000522,prefix-restore,20,80,0,20,80,100,1200
before,parameter,100,late-warm,4,13.032134999997652,prefix-restore,20,80,0,20,80,100,1200
before,parameter,100,late-warm,5,13.64105600000039,prefix-restore,20,80,0,20,80,100,1200
before,parameter,100,late-warm,6,12.845041000000492,prefix-restore,20,80,0,20,80,100,1200
before,parameter,100,late-warm,7,12.822209000001749,prefix-restore,20,80,0,20,80,100,1200
before,direct-edit,30,operation-warm,1,2.7635909999989963,prefix-restore,2,28,0,2,27,29,348
before,direct-edit,30,operation-warm,2,2.9195570000010775,prefix-restore,2,28,0,2,27,29,348
before,direct-edit,30,operation-warm,3,2.852029000001494,prefix-restore,2,28,0,2,27,29,348
before,direct-edit,30,operation-warm,4,3.0854400000025635,prefix-restore,2,28,0,2,27,29,348
before,direct-edit,30,operation-warm,5,2.791986000000179,prefix-restore,2,28,0,2,27,29,348
before,direct-edit,30,operation-warm,6,2.757731000001513,prefix-restore,2,28,0,2,27,29,348
before,direct-edit,30,operation-warm,7,2.689872999999352,prefix-restore,2,28,0,2,27,29,348
before,direct-edit,30,early-warm,1,18.713420000000042,full-rebuild,30,0,0,29,0,29,348
before,direct-edit,30,early-warm,2,19.77128900000025,full-rebuild,30,0,0,29,0,29,348
before,direct-edit,30,early-warm,3,20.104127999999037,full-rebuild,30,0,0,29,0,29,348
before,direct-edit,30,early-warm,4,19.05563600000096,full-rebuild,30,0,0,29,0,29,348
before,direct-edit,30,early-warm,5,20.239011999998183,full-rebuild,30,0,0,29,0,29,348
before,direct-edit,30,early-warm,6,18.352427999998326,full-rebuild,30,0,0,29,0,29,348
before,direct-edit,30,early-warm,7,21.866328000000067,full-rebuild,30,0,0,29,0,29,348
before,direct-edit,30,late-warm,1,2.7407189999976254,prefix-restore,2,28,0,2,27,29,348
before,direct-edit,30,late-warm,2,2.820850000000064,prefix-restore,2,28,0,2,27,29,348
before,direct-edit,30,late-warm,3,2.9692699999977776,prefix-restore,2,28,0,2,27,29,348
before,direct-edit,30,late-warm,4,2.9540720000004512,prefix-restore,2,28,0,2,27,29,348
before,direct-edit,30,late-warm,5,2.789690999998129,prefix-restore,2,28,0,2,27,29,348
before,direct-edit,30,late-warm,6,2.8156200000012177,prefix-restore,2,28,0,2,27,29,348
before,direct-edit,30,late-warm,7,2.6125370000008843,prefix-restore,2,28,0,2,27,29,348
before,direct-edit,100,operation-warm,1,14.935210999999981,prefix-restore,20,80,0,20,79,99,1188
before,direct-edit,100,operation-warm,2,16.916094000000157,prefix-restore,20,80,0,20,79,99,1188
before,direct-edit,100,operation-warm,3,18.59766099999979,prefix-restore,20,80,0,20,79,99,1188
before,direct-edit,100,operation-warm,4,14.160046000000875,prefix-restore,20,80,0,20,79,99,1188
before,direct-edit,100,operation-warm,5,15.235348000001977,prefix-restore,20,80,0,20,79,99,1188
before,direct-edit,100,operation-warm,6,14.66871700000047,prefix-restore,20,80,0,20,79,99,1188
before,direct-edit,100,operation-warm,7,14.41918600000281,prefix-restore,20,80,0,20,79,99,1188
before,direct-edit,100,early-warm,1,64.34397100000206,full-rebuild,100,0,0,99,0,99,1188
before,direct-edit,100,early-warm,2,59.778134000000136,full-rebuild,100,0,0,99,0,99,1188
before,direct-edit,100,early-warm,3,61.50829299999896,full-rebuild,100,0,0,99,0,99,1188
before,direct-edit,100,early-warm,4,66.2881039999993,full-rebuild,100,0,0,99,0,99,1188
before,direct-edit,100,early-warm,5,59.71230899999864,full-rebuild,100,0,0,99,0,99,1188
before,direct-edit,100,early-warm,6,60.23612800000046,full-rebuild,100,0,0,99,0,99,1188
before,direct-edit,100,early-warm,7,58.08547499999986,full-rebuild,100,0,0,99,0,99,1188
before,direct-edit,100,late-warm,1,14.287256999999954,prefix-restore,20,80,0,20,79,99,1188
before,direct-edit,100,late-warm,2,13.745343000002322,prefix-restore,20,80,0,20,79,99,1188
before,direct-edit,100,late-warm,3,14.072320000002946,prefix-restore,20,80,0,20,79,99,1188
before,direct-edit,100,late-warm,4,13.908139999999548,prefix-restore,20,80,0,20,79,99,1188
before,direct-edit,100,late-warm,5,16.497543000001315,prefix-restore,20,80,0,20,79,99,1188
before,direct-edit,100,late-warm,6,14.32949600000211,prefix-restore,20,80,0,20,79,99,1188
before,direct-edit,100,late-warm,7,14.525045999998838,prefix-restore,20,80,0,20,79,99,1188
after,extrude,30,operation-warm,1,5.196237999999994,prefix-restore,2,28,0,2,27,29,348
after,extrude,30,operation-warm,2,4.665956999999935,prefix-restore,2,28,0,2,27,29,348
after,extrude,30,operation-warm,3,2.760295000000042,prefix-restore,2,28,0,2,27,29,348
after,extrude,30,operation-warm,4,2.7762860000000273,prefix-restore,2,28,0,2,27,29,348
after,extrude,30,operation-warm,5,3.175600999999915,prefix-restore,2,28,0,2,27,29,348
after,extrude,30,operation-warm,6,2.4198319999999285,prefix-restore,2,28,0,2,27,29,348
after,extrude,30,operation-warm,7,4.025577000000112,prefix-restore,2,28,0,2,27,29,348
after,extrude,30,early-warm,1,21.960996000000023,full-rebuild,30,0,0,29,0,29,348
after,extrude,30,early-warm,2,21.90765599999986,full-rebuild,30,0,0,29,0,29,348
after,extrude,30,early-warm,3,20.00270599999999,full-rebuild,30,0,0,29,0,29,348
after,extrude,30,early-warm,4,22.246646000000055,full-rebuild,30,0,0,29,0,29,348
after,extrude,30,early-warm,5,20.300768999999946,full-rebuild,30,0,0,29,0,29,348
after,extrude,30,early-warm,6,19.652013000000125,full-rebuild,30,0,0,29,0,29,348
after,extrude,30,early-warm,7,20.028985000000148,full-rebuild,30,0,0,29,0,29,348
after,extrude,30,late-warm,1,2.0884260000000268,prefix-restore,2,28,0,2,27,29,348
after,extrude,30,late-warm,2,2.1486999999999625,prefix-restore,2,28,0,2,27,29,348
after,extrude,30,late-warm,3,2.00722299999984,prefix-restore,2,28,0,2,27,29,348
after,extrude,30,late-warm,4,2.0337630000001354,prefix-restore,2,28,0,2,27,29,348
after,extrude,30,late-warm,5,1.9645319999999629,prefix-restore,2,28,0,2,27,29,348
after,extrude,30,late-warm,6,3.216547999999875,prefix-restore,2,28,0,2,27,29,348
after,extrude,30,late-warm,7,2.053239000000076,prefix-restore,2,28,0,2,27,29,348
after,extrude,100,operation-warm,1,19.29675199999997,prefix-restore,20,80,0,20,79,99,1188
after,extrude,100,operation-warm,2,18.85288400000013,prefix-restore,20,80,0,20,79,99,1188
after,extrude,100,operation-warm,3,13.140780000000177,prefix-restore,20,80,0,20,79,99,1188
after,extrude,100,operation-warm,4,16.478106000000025,prefix-restore,20,80,0,20,79,99,1188
after,extrude,100,operation-warm,5,15.379730000000109,prefix-restore,20,80,0,20,79,99,1188
after,extrude,100,operation-warm,6,13.662676000000374,prefix-restore,20,80,0,20,79,99,1188
after,extrude,100,operation-warm,7,13.733358999999837,prefix-restore,20,80,0,20,79,99,1188
after,extrude,100,early-warm,1,57.55153599999994,full-rebuild,100,0,0,99,0,99,1188
after,extrude,100,early-warm,2,59.48850600000014,full-rebuild,100,0,0,99,0,99,1188
after,extrude,100,early-warm,3,60.20184500000005,full-rebuild,100,0,0,99,0,99,1188
after,extrude,100,early-warm,4,56.713682999999946,full-rebuild,100,0,0,99,0,99,1188
after,extrude,100,early-warm,5,59.58694199999991,full-rebuild,100,0,0,99,0,99,1188
after,extrude,100,early-warm,6,58.94804500000009,full-rebuild,100,0,0,99,0,99,1188
after,extrude,100,early-warm,7,61.12088100000028,full-rebuild,100,0,0,99,0,99,1188
after,extrude,100,late-warm,1,16.561323000000357,prefix-restore,20,80,0,20,79,99,1188
after,extrude,100,late-warm,2,16.122334000000137,prefix-restore,20,80,0,20,79,99,1188
after,extrude,100,late-warm,3,13.130881999999929,prefix-restore,20,80,0,20,79,99,1188
after,extrude,100,late-warm,4,13.363410999999815,prefix-restore,20,80,0,20,79,99,1188
after,extrude,100,late-warm,5,13.155096999999842,prefix-restore,20,80,0,20,79,99,1188
after,extrude,100,late-warm,6,13.482454999999845,prefix-restore,20,80,0,20,79,99,1188
after,extrude,100,late-warm,7,13.160106999999698,prefix-restore,20,80,0,20,79,99,1188
after,boolean,30,operation-warm,1,9.837498000000778,prefix-restore,2,28,0,2,27,29,348
after,boolean,30,operation-warm,2,8.556177999999818,prefix-restore,2,28,0,2,27,29,348
after,boolean,30,operation-warm,3,8.135701999999583,prefix-restore,2,28,0,2,27,29,348
after,boolean,30,operation-warm,4,8.24874600000021,prefix-restore,2,28,0,2,27,29,348
after,boolean,30,operation-warm,5,6.462671000000228,prefix-restore,2,28,0,2,27,29,348
after,boolean,30,operation-warm,6,6.469003999999586,prefix-restore,2,28,0,2,27,29,348
after,boolean,30,operation-warm,7,6.633864999999787,prefix-restore,2,28,0,2,27,29,348
after,boolean,30,early-warm,1,22.459577999999965,full-rebuild,30,0,0,29,0,29,348
after,boolean,30,early-warm,2,21.149083000000246,full-rebuild,30,0,0,29,0,29,348
after,boolean,30,early-warm,3,21.066726000000017,full-rebuild,30,0,0,29,0,29,348
after,boolean,30,early-warm,4,21.08602299999984,full-rebuild,30,0,0,29,0,29,348
after,boolean,30,early-warm,5,22.507338000000345,full-rebuild,30,0,0,29,0,29,348
after,boolean,30,early-warm,6,20.888200000000325,full-rebuild,30,0,0,29,0,29,348
after,boolean,30,early-warm,7,22.771066999999675,full-rebuild,30,0,0,29,0,29,348
after,boolean,30,late-warm,1,5.193143000000418,prefix-restore,2,28,0,2,27,29,348
after,boolean,30,late-warm,2,5.2135809999999765,prefix-restore,2,28,0,2,27,29,348
after,boolean,30,late-warm,3,5.272162000000208,prefix-restore,2,28,0,2,27,29,348
after,boolean,30,late-warm,4,5.427606000000196,prefix-restore,2,28,0,2,27,29,348
after,boolean,30,late-warm,5,5.400634999999966,prefix-restore,2,28,0,2,27,29,348
after,boolean,30,late-warm,6,5.649796000000606,prefix-restore,2,28,0,2,27,29,348
after,boolean,30,late-warm,7,5.67179699999997,prefix-restore,2,28,0,2,27,29,348
after,boolean,100,operation-warm,1,17.276714999999967,prefix-restore,20,80,0,20,79,99,1188
after,boolean,100,operation-warm,2,19.942502999999306,prefix-restore,20,80,0,20,79,99,1188
after,boolean,100,operation-warm,3,19.558094999999412,prefix-restore,20,80,0,20,79,99,1188
after,boolean,100,operation-warm,4,17.886677999999847,prefix-restore,20,80,0,20,79,99,1188
after,boolean,100,operation-warm,5,17.984373000000232,prefix-restore,20,80,0,20,79,99,1188
after,boolean,100,operation-warm,6,19.113666000000194,prefix-restore,20,80,0,20,79,99,1188
after,boolean,100,operation-warm,7,18.54047300000002,prefix-restore,20,80,0,20,79,99,1188
after,boolean,100,early-warm,1,63.685757000000194,full-rebuild,100,0,0,99,0,99,1188
after,boolean,100,early-warm,2,58.765330000000176,full-rebuild,100,0,0,99,0,99,1188
after,boolean,100,early-warm,3,61.21541900000011,full-rebuild,100,0,0,99,0,99,1188
after,boolean,100,early-warm,4,57.980257000000165,full-rebuild,100,0,0,99,0,99,1188
after,boolean,100,early-warm,5,61.62366100000054,full-rebuild,100,0,0,99,0,99,1188
after,boolean,100,early-warm,6,62.17838800000027,full-rebuild,100,0,0,99,0,99,1188
after,boolean,100,early-warm,7,63.45433999999932,full-rebuild,100,0,0,99,0,99,1188
after,boolean,100,late-warm,1,16.296572999999626,prefix-restore,20,80,0,20,79,99,1188
after,boolean,100,late-warm,2,16.398425000000316,prefix-restore,20,80,0,20,79,99,1188
after,boolean,100,late-warm,3,16.66361700000016,prefix-restore,20,80,0,20,79,99,1188
after,boolean,100,late-warm,4,16.828268000000207,prefix-restore,20,80,0,20,79,99,1188
after,boolean,100,late-warm,5,17.26792899999964,prefix-restore,20,80,0,20,79,99,1188
after,boolean,100,late-warm,6,17.133294000000205,prefix-restore,20,80,0,20,79,99,1188
after,boolean,100,late-warm,7,17.42326200000025,prefix-restore,20,80,0,20,79,99,1188
after,fillet,30,operation-warm,1,20.019648000000416,prefix-restore,2,28,0,2,28,30,520
after,fillet,30,operation-warm,2,19.298365999999987,prefix-restore,2,28,0,2,28,30,520
after,fillet,30,operation-warm,3,19.614402999999584,prefix-restore,2,28,0,2,28,30,520
after,fillet,30,operation-warm,4,19.34339,prefix-restore,2,28,0,2,28,30,520
after,fillet,30,operation-warm,5,18.815943999999945,prefix-restore,2,28,0,2,28,30,520
after,fillet,30,operation-warm,6,19.35370999999941,prefix-restore,2,28,0,2,28,30,520
after,fillet,30,operation-warm,7,18.96722899999986,prefix-restore,2,28,0,2,28,30,520
after,fillet,30,early-warm,1,35.014782000000196,full-rebuild,30,0,0,30,0,30,520
after,fillet,30,early-warm,2,34.88172999999915,full-rebuild,30,0,0,30,0,30,520
after,fillet,30,early-warm,3,35.12830700000086,full-rebuild,30,0,0,30,0,30,520
after,fillet,30,early-warm,4,36.41547900000114,full-rebuild,30,0,0,30,0,30,520
after,fillet,30,early-warm,5,35.0446979999997,full-rebuild,30,0,0,30,0,30,520
after,fillet,30,early-warm,6,35.14122099999986,full-rebuild,30,0,0,30,0,30,520
after,fillet,30,early-warm,7,36.38332799999989,full-rebuild,30,0,0,30,0,30,520
after,fillet,30,late-warm,1,18.686938999999256,prefix-restore,2,28,0,2,28,30,520
after,fillet,30,late-warm,2,18.852281999999832,prefix-restore,2,28,0,2,28,30,520
after,fillet,30,late-warm,3,18.929017000000385,prefix-restore,2,28,0,2,28,30,520
after,fillet,30,late-warm,4,18.582131999999547,prefix-restore,2,28,0,2,28,30,520
after,fillet,30,late-warm,5,19.35209599999871,prefix-restore,2,28,0,2,28,30,520
after,fillet,30,late-warm,6,19.016983999999866,prefix-restore,2,28,0,2,28,30,520
after,fillet,30,late-warm,7,18.74445899999955,prefix-restore,2,28,0,2,28,30,520
after,fillet,100,operation-warm,1,30.84327999999914,prefix-restore,20,80,0,20,80,100,1360
after,fillet,100,operation-warm,2,30.46683900000062,prefix-restore,20,80,0,20,80,100,1360
after,fillet,100,operation-warm,3,29.94977199999994,prefix-restore,20,80,0,20,80,100,1360
after,fillet,100,operation-warm,4,29.88664299999982,prefix-restore,20,80,0,20,80,100,1360
after,fillet,100,operation-warm,5,29.9463850000011,prefix-restore,20,80,0,20,80,100,1360
after,fillet,100,operation-warm,6,32.77743499999997,prefix-restore,20,80,0,20,80,100,1360
after,fillet,100,operation-warm,7,30.213238999998794,prefix-restore,20,80,0,20,80,100,1360
after,fillet,100,early-warm,1,76.49297699999988,full-rebuild,100,0,0,100,0,100,1360
after,fillet,100,early-warm,2,75.53617900000063,full-rebuild,100,0,0,100,0,100,1360
after,fillet,100,early-warm,3,74.51086099999884,full-rebuild,100,0,0,100,0,100,1360
after,fillet,100,early-warm,4,72.32565299999987,full-rebuild,100,0,0,100,0,100,1360
after,fillet,100,early-warm,5,74.05882799999927,full-rebuild,100,0,0,100,0,100,1360
after,fillet,100,early-warm,6,76.45446400000037,full-rebuild,100,0,0,100,0,100,1360
after,fillet,100,early-warm,7,75.46062600000005,full-rebuild,100,0,0,100,0,100,1360
after,fillet,100,late-warm,1,30.128388999999515,prefix-restore,20,80,0,20,80,100,1360
after,fillet,100,late-warm,2,29.932348000000275,prefix-restore,20,80,0,20,80,100,1360
after,fillet,100,late-warm,3,29.477488999998968,prefix-restore,20,80,0,20,80,100,1360
after,fillet,100,late-warm,4,29.848180000000866,prefix-restore,20,80,0,20,80,100,1360
after,fillet,100,late-warm,5,30.136733999999706,prefix-restore,20,80,0,20,80,100,1360
after,fillet,100,late-warm,6,30.15739399999984,prefix-restore,20,80,0,20,80,100,1360
after,fillet,100,late-warm,7,31.817901000000347,prefix-restore,20,80,0,20,80,100,1360
after,chamfer,30,operation-warm,1,3.238538999999946,prefix-restore,2,28,0,2,28,30,364
after,chamfer,30,operation-warm,2,3.3149539999994886,prefix-restore,2,28,0,2,28,30,364
after,chamfer,30,operation-warm,3,4.5747840000003634,prefix-restore,2,28,0,2,28,30,364
after,chamfer,30,operation-warm,4,3.2510029999994003,prefix-restore,2,28,0,2,28,30,364
after,chamfer,30,operation-warm,5,3.15371899999991,prefix-restore,2,28,0,2,28,30,364
after,chamfer,30,operation-warm,6,3.177735000001121,prefix-restore,2,28,0,2,28,30,364
after,chamfer,30,operation-warm,7,3.173135999999431,prefix-restore,2,28,0,2,28,30,364
after,chamfer,30,early-warm,1,18.41009699999995,full-rebuild,30,0,0,30,0,30,364
after,chamfer,30,early-warm,2,18.778603000000658,full-rebuild,30,0,0,30,0,30,364
after,chamfer,30,early-warm,3,18.425466000000597,full-rebuild,30,0,0,30,0,30,364
after,chamfer,30,early-warm,4,18.422951000000467,full-rebuild,30,0,0,30,0,30,364
after,chamfer,30,early-warm,5,18.329013999999006,full-rebuild,30,0,0,30,0,30,364
after,chamfer,30,early-warm,6,18.602961000000505,full-rebuild,30,0,0,30,0,30,364
after,chamfer,30,early-warm,7,18.40052900000046,full-rebuild,30,0,0,30,0,30,364
after,chamfer,30,late-warm,1,3.0799800000004325,prefix-restore,2,28,0,2,28,30,364
after,chamfer,30,late-warm,2,3.122781000000032,prefix-restore,2,28,0,2,28,30,364
after,chamfer,30,late-warm,3,3.112039999999979,prefix-restore,2,28,0,2,28,30,364
after,chamfer,30,late-warm,4,3.1496009999991657,prefix-restore,2,28,0,2,28,30,364
after,chamfer,30,late-warm,5,3.069279999999708,prefix-restore,2,28,0,2,28,30,364
after,chamfer,30,late-warm,6,4.655767000000196,prefix-restore,2,28,0,2,28,30,364
after,chamfer,30,late-warm,7,3.11908399999993,prefix-restore,2,28,0,2,28,30,364
after,chamfer,100,operation-warm,1,14.10338899999988,prefix-restore,20,80,0,20,80,100,1204
after,chamfer,100,operation-warm,2,16.872992000000522,prefix-restore,20,80,0,20,80,100,1204
after,chamfer,100,operation-warm,3,16.231681000001117,prefix-restore,20,80,0,20,80,100,1204
after,chamfer,100,operation-warm,4,14.465783999999985,prefix-restore,20,80,0,20,80,100,1204
after,chamfer,100,operation-warm,5,14.818470000000161,prefix-restore,20,80,0,20,80,100,1204
after,chamfer,100,operation-warm,6,14.536307000000306,prefix-restore,20,80,0,20,80,100,1204
after,chamfer,100,operation-warm,7,14.464971999999761,prefix-restore,20,80,0,20,80,100,1204
after,chamfer,100,early-warm,1,58.38685500000065,full-rebuild,100,0,0,100,0,100,1204
after,chamfer,100,early-warm,2,56.178201999999146,full-rebuild,100,0,0,100,0,100,1204
after,chamfer,100,early-warm,3,58.115522000000055,full-rebuild,100,0,0,100,0,100,1204
after,chamfer,100,early-warm,4,58.135299000001396,full-rebuild,100,0,0,100,0,100,1204
after,chamfer,100,early-warm,5,55.70416499999919,full-rebuild,100,0,0,100,0,100,1204
after,chamfer,100,early-warm,6,57.97380400000111,full-rebuild,100,0,0,100,0,100,1204
after,chamfer,100,early-warm,7,58.01955999999882,full-rebuild,100,0,0,100,0,100,1204
after,chamfer,100,late-warm,1,13.90400199999931,prefix-restore,20,80,0,20,80,100,1204
after,chamfer,100,late-warm,2,14.063062999999602,prefix-restore,20,80,0,20,80,100,1204
after,chamfer,100,late-warm,3,16.520085999998628,prefix-restore,20,80,0,20,80,100,1204
after,chamfer,100,late-warm,4,16.882160000001022,prefix-restore,20,80,0,20,80,100,1204
after,chamfer,100,late-warm,5,14.49605099999826,prefix-restore,20,80,0,20,80,100,1204
after,chamfer,100,late-warm,6,14.959998000000269,prefix-restore,20,80,0,20,80,100,1204
after,chamfer,100,late-warm,7,14.832386999998562,prefix-restore,20,80,0,20,80,100,1204
after,pattern,30,operation-warm,1,4.538415999999415,prefix-restore,2,28,0,2,28,30,408
after,pattern,30,operation-warm,2,4.0291829999987385,prefix-restore,2,28,0,2,28,30,396
after,pattern,30,operation-warm,3,4.460218000000168,prefix-restore,2,28,0,2,28,30,408
after,pattern,30,operation-warm,4,3.905088000003161,prefix-restore,2,28,0,2,28,30,396
after,pattern,30,operation-warm,5,5.953799999999319,prefix-restore,2,28,0,2,28,30,408
after,pattern,30,operation-warm,6,3.8631590000004508,prefix-restore,2,28,0,2,28,30,396
after,pattern,30,operation-warm,7,5.712673999998515,prefix-restore,2,28,0,2,28,30,408
after,pattern,30,early-warm,1,21.069722000000183,full-rebuild,30,0,0,30,0,30,396
after,pattern,30,early-warm,2,19.74539999999979,full-rebuild,30,0,0,30,0,30,396
after,pattern,30,early-warm,3,21.08159400000295,full-rebuild,30,0,0,30,0,30,396
after,pattern,30,early-warm,4,19.883441000001767,full-rebuild,30,0,0,30,0,30,396
after,pattern,30,early-warm,5,21.348920000000362,full-rebuild,30,0,0,30,0,30,396
after,pattern,30,early-warm,6,19.750530000001163,full-rebuild,30,0,0,30,0,30,396
after,pattern,30,early-warm,7,21.28876599999785,full-rebuild,30,0,0,30,0,30,396
after,pattern,30,late-warm,1,3.666477999999188,prefix-restore,2,28,0,2,28,30,396
after,pattern,30,late-warm,2,3.603720000002795,prefix-restore,2,28,0,2,28,30,396
after,pattern,30,late-warm,3,3.505324000001565,prefix-restore,2,28,0,2,28,30,396
after,pattern,30,late-warm,4,3.6075659999987693,prefix-restore,2,28,0,2,28,30,396
after,pattern,30,late-warm,5,3.498610999999073,prefix-restore,2,28,0,2,28,30,396
after,pattern,30,late-warm,6,3.5929089999990538,prefix-restore,2,28,0,2,28,30,396
after,pattern,30,late-warm,7,3.608478999998624,prefix-restore,2,28,0,2,28,30,396
after,pattern,100,operation-warm,1,15.272518000001583,prefix-restore,20,80,0,20,80,100,1248
after,pattern,100,operation-warm,2,14.906186000000162,prefix-restore,20,80,0,20,80,100,1236
after,pattern,100,operation-warm,3,15.18517299999803,prefix-restore,20,80,0,20,80,100,1248
after,pattern,100,operation-warm,4,17.224936999999045,prefix-restore,20,80,0,20,80,100,1236
after,pattern,100,operation-warm,5,15.984051999999792,prefix-restore,20,80,0,20,80,100,1248
after,pattern,100,operation-warm,6,15.717949999998382,prefix-restore,20,80,0,20,80,100,1236
after,pattern,100,operation-warm,7,15.712759999998525,prefix-restore,20,80,0,20,80,100,1248
after,pattern,100,early-warm,1,59.352248999999574,full-rebuild,100,0,0,100,0,100,1236
after,pattern,100,early-warm,2,57.41210299999875,full-rebuild,100,0,0,100,0,100,1236
after,pattern,100,early-warm,3,59.095242999999755,full-rebuild,100,0,0,100,0,100,1236
after,pattern,100,early-warm,4,57.71737000000212,full-rebuild,100,0,0,100,0,100,1236
after,pattern,100,early-warm,5,58.8887930000019,full-rebuild,100,0,0,100,0,100,1236
after,pattern,100,early-warm,6,58.68174200000067,full-rebuild,100,0,0,100,0,100,1236
after,pattern,100,early-warm,7,55.97509699999864,full-rebuild,100,0,0,100,0,100,1236
after,pattern,100,late-warm,1,14.499628000001394,prefix-restore,20,80,0,20,80,100,1236
after,pattern,100,late-warm,2,14.400721000001795,prefix-restore,20,80,0,20,80,100,1236
after,pattern,100,late-warm,3,14.690598000001046,prefix-restore,20,80,0,20,80,100,1236
after,pattern,100,late-warm,4,14.599627000003238,prefix-restore,20,80,0,20,80,100,1236
after,pattern,100,late-warm,5,14.32752199999959,prefix-restore,20,80,0,20,80,100,1236
after,pattern,100,late-warm,6,19.376232999999047,prefix-restore,20,80,0,20,80,100,1236
after,pattern,100,late-warm,7,16.418613000001642,prefix-restore,20,80,0,20,80,100,1236
after,parameter,30,operation-warm,1,1.6805459999995946,independent-reuse,1,2,27,1,29,30,360
after,parameter,30,operation-warm,2,1.3797879999983707,independent-reuse,1,2,27,1,29,30,360
after,parameter,30,operation-warm,3,1.4770810000009078,independent-reuse,1,2,27,1,29,30,360
after,parameter,30,operation-warm,4,1.4956969999984722,independent-reuse,1,2,27,1,29,30,360
after,parameter,30,operation-warm,5,1.2771040000006906,independent-reuse,1,2,27,1,29,30,360
after,parameter,30,operation-warm,6,1.2588480000013078,independent-reuse,1,2,27,1,29,30,360
after,parameter,30,operation-warm,7,1.2599410000002536,independent-reuse,1,2,27,1,29,30,360
after,parameter,30,early-warm,1,1.221428000000742,independent-reuse,1,0,29,1,29,30,360
after,parameter,30,early-warm,2,1.2077529999987746,independent-reuse,1,0,29,1,29,30,360
after,parameter,30,early-warm,3,1.315454999999929,independent-reuse,1,0,29,1,29,30,360
after,parameter,30,early-warm,4,1.2446619999973336,independent-reuse,1,0,29,1,29,30,360
after,parameter,30,early-warm,5,1.2000779999980296,independent-reuse,1,0,29,1,29,30,360
after,parameter,30,early-warm,6,2.7547449999983655,independent-reuse,1,0,29,1,29,30,360
after,parameter,30,early-warm,7,1.2296940000014729,independent-reuse,1,0,29,1,29,30,360
after,parameter,30,late-warm,1,0.9748620000027586,independent-reuse,1,28,1,1,29,30,360
after,parameter,30,late-warm,2,0.915580000000773,independent-reuse,1,28,1,1,29,30,360
after,parameter,30,late-warm,3,0.9839290000018082,independent-reuse,1,28,1,1,29,30,360
after,parameter,30,late-warm,4,0.9048000000002503,independent-reuse,1,28,1,1,29,30,360
after,parameter,30,late-warm,5,0.9414489999981015,independent-reuse,1,28,1,1,29,30,360
after,parameter,30,late-warm,6,0.9496540000000095,independent-reuse,1,28,1,1,29,30,360
after,parameter,30,late-warm,7,0.9158010000028298,independent-reuse,1,28,1,1,29,30,360
after,parameter,100,operation-warm,1,2.4502599999977974,independent-reuse,1,2,97,1,99,100,1200
after,parameter,100,operation-warm,2,2.2097460000004503,independent-reuse,1,2,97,1,99,100,1200
after,parameter,100,operation-warm,3,2.280510000000504,independent-reuse,1,2,97,1,99,100,1200
after,parameter,100,operation-warm,4,2.1826039999978093,independent-reuse,1,2,97,1,99,100,1200
after,parameter,100,operation-warm,5,2.210627000000386,independent-reuse,1,2,97,1,99,100,1200
after,parameter,100,operation-warm,6,3.0833259999999427,independent-reuse,1,2,97,1,99,100,1200
after,parameter,100,operation-warm,7,2.435321999997541,independent-reuse,1,2,97,1,99,100,1200
after,parameter,100,early-warm,1,2.1517359999998007,independent-reuse,1,0,99,1,99,100,1200
after,parameter,100,early-warm,2,2.2081020000005083,independent-reuse,1,0,99,1,99,100,1200
after,parameter,100,early-warm,3,2.2587579999999434,independent-reuse,1,0,99,1,99,100,1200
after,parameter,100,early-warm,4,2.2142339999991236,independent-reuse,1,0,99,1,99,100,1200
after,parameter,100,early-warm,5,2.3022109999983513,independent-reuse,1,0,99,1,99,100,1200
after,parameter,100,early-warm,6,2.218873000001622,independent-reuse,1,0,99,1,99,100,1200
after,parameter,100,early-warm,7,2.5295899999982794,independent-reuse,1,0,99,1,99,100,1200
after,parameter,100,late-warm,1,1.7921370000003662,independent-reuse,1,80,19,1,99,100,1200
after,parameter,100,late-warm,2,1.6729010000017297,independent-reuse,1,80,19,1,99,100,1200
after,parameter,100,late-warm,3,1.6744140000009793,independent-reuse,1,80,19,1,99,100,1200
after,parameter,100,late-warm,4,1.6274149999990186,independent-reuse,1,80,19,1,99,100,1200
after,parameter,100,late-warm,5,1.6403300000019954,independent-reuse,1,80,19,1,99,100,1200
after,parameter,100,late-warm,6,1.7622799999990093,independent-reuse,1,80,19,1,99,100,1200
after,parameter,100,late-warm,7,1.7146299999985786,independent-reuse,1,80,19,1,99,100,1200
after,direct-edit,30,operation-warm,1,2.755086000001029,prefix-restore,2,28,0,2,27,29,348
after,direct-edit,30,operation-warm,2,2.8549740000016754,prefix-restore,2,28,0,2,27,29,348
after,direct-edit,30,operation-warm,3,2.729717999998684,prefix-restore,2,28,0,2,27,29,348
after,direct-edit,30,operation-warm,4,2.8242859999991197,prefix-restore,2,28,0,2,27,29,348
after,direct-edit,30,operation-warm,5,2.817144000000553,prefix-restore,2,28,0,2,27,29,348
after,direct-edit,30,operation-warm,6,3.0988350000006903,prefix-restore,2,28,0,2,27,29,348
after,direct-edit,30,operation-warm,7,2.7418609999986074,prefix-restore,2,28,0,2,27,29,348
after,direct-edit,30,early-warm,1,17.422340999997687,full-rebuild,30,0,0,29,0,29,348
after,direct-edit,30,early-warm,2,18.19583199999761,full-rebuild,30,0,0,29,0,29,348
after,direct-edit,30,early-warm,3,17.70097700000042,full-rebuild,30,0,0,29,0,29,348
after,direct-edit,30,early-warm,4,17.631806000001234,full-rebuild,30,0,0,29,0,29,348
after,direct-edit,30,early-warm,5,19.396691000001738,full-rebuild,30,0,0,29,0,29,348
after,direct-edit,30,early-warm,6,17.531176000000414,full-rebuild,30,0,0,29,0,29,348
after,direct-edit,30,early-warm,7,19.02650199999698,full-rebuild,30,0,0,29,0,29,348
after,direct-edit,30,late-warm,1,2.644886999998562,prefix-restore,2,28,0,2,27,29,348
after,direct-edit,30,late-warm,2,2.763812000001053,prefix-restore,2,28,0,2,27,29,348
after,direct-edit,30,late-warm,3,2.807194000000891,prefix-restore,2,28,0,2,27,29,348
after,direct-edit,30,late-warm,4,2.8095980000034615,prefix-restore,2,28,0,2,27,29,348
after,direct-edit,30,late-warm,5,2.6964549999975134,prefix-restore,2,28,0,2,27,29,348
after,direct-edit,30,late-warm,6,2.7993989999995392,prefix-restore,2,28,0,2,27,29,348
after,direct-edit,30,late-warm,7,2.6662990000004356,prefix-restore,2,28,0,2,27,29,348
after,direct-edit,100,operation-warm,1,13.378648999998404,prefix-restore,20,80,0,20,79,99,1188
after,direct-edit,100,operation-warm,2,15.526037999999971,prefix-restore,20,80,0,20,79,99,1188
after,direct-edit,100,operation-warm,3,15.668386000001192,prefix-restore,20,80,0,20,79,99,1188
after,direct-edit,100,operation-warm,4,13.434113999999681,prefix-restore,20,80,0,20,79,99,1188
after,direct-edit,100,operation-warm,5,13.570251000001008,prefix-restore,20,80,0,20,79,99,1188
after,direct-edit,100,operation-warm,6,13.799906000000192,prefix-restore,20,80,0,20,79,99,1188
after,direct-edit,100,operation-warm,7,13.98124800000005,prefix-restore,20,80,0,20,79,99,1188
after,direct-edit,100,early-warm,1,57.308546999996906,full-rebuild,100,0,0,99,0,99,1188
after,direct-edit,100,early-warm,2,54.530579000002035,full-rebuild,100,0,0,99,0,99,1188
after,direct-edit,100,early-warm,3,56.268221000002086,full-rebuild,100,0,0,99,0,99,1188
after,direct-edit,100,early-warm,4,54.17533600000024,full-rebuild,100,0,0,99,0,99,1188
after,direct-edit,100,early-warm,5,56.66785700000037,full-rebuild,100,0,0,99,0,99,1188
after,direct-edit,100,early-warm,6,54.30365900000106,full-rebuild,100,0,0,99,0,99,1188
after,direct-edit,100,early-warm,7,57.0305920000028,full-rebuild,100,0,0,99,0,99,1188
after,direct-edit,100,late-warm,1,13.061921000000439,prefix-restore,20,80,0,20,79,99,1188
after,direct-edit,100,late-warm,2,13.675710999999865,prefix-restore,20,80,0,20,79,99,1188
after,direct-edit,100,late-warm,3,13.393747999998595,prefix-restore,20,80,0,20,79,99,1188
after,direct-edit,100,late-warm,4,13.377416999999696,prefix-restore,20,80,0,20,79,99,1188
after,direct-edit,100,late-warm,5,13.580050000000483,prefix-restore,20,80,0,20,79,99,1188
after,direct-edit,100,late-warm,6,13.561014000002615,prefix-restore,20,80,0,20,79,99,1188
after,direct-edit,100,late-warm,7,13.598173999998835,prefix-restore,20,80,0,20,79,99,1188
